Observed,Predicted,,,
206.8,208.7535252,-1.953525193,1,
214.7,212.5321533,2.167846716,,
210.8,202.5009523,8.299047672,,
224.8,222.8490769,1.950923129,,
209.8,227.534476,-17.73447598,,
175,176.4074829,-1.407482924,,
191,189.2427177,1.757282261,,
208.1,202.3249514,5.775048606,,
207.9,200.5904088,7.309591203,,
197.6,188.270734,9.329265988,,
202.7,200.2514673,2.448532694,,
206.2,215.266609,-9.066608976,,
195.6,188.4585316,7.141468399,,
223.5,208.2818304,15.21816958,,
243.4,223.8228816,19.57711842,,
252.4,233.155187,19.24481305,,
253.9,232.5857768,21.31422319,,
256.6,231.141486,25.45851405,,
209.5,205.1732402,4.326759824,,
199.6,195.5849564,4.01504357,,
217.5,199.155555,18.34444499,,
237.3,228.9361911,8.363808879,,
227.4,223.1521083,4.247891656,,
219.7,200.2083184,19.49168159,,
249.8,234.6574387,15.14256131,,
239.2,240.8449885,-1.644988519,,
220.6,229.7601078,-9.160107769,,
208.6,199.6820205,8.917979517,,
242.5,222.4447978,20.05520218,,
242.1,218.4456098,23.65439022,,
244.5,232.0910597,12.40894035,,
197.8,178.9911572,18.80884285,,
196.2,191.5839558,4.616044212,,
205.3,218.1607098,-12.86070977,,
232.5,214.0946303,18.40536974,,
223.8,198.0084995,25.79150045,,
221.5,202.9433559,18.55664405,,
226.2,204.204336,21.99566398,,
220.7,211.4283758,9.271624223,,
197.3,195.3426574,1.957342568,,
173.5,168.6709625,4.829037522,,
200.7,185.5067615,15.19323852,,
221.3,219.3464176,1.953582423,,
194.8,172.6769476,22.12305238,,
190.4,177.5422531,12.85774686,,
193.7,178.1875943,15.51240566,,
184.8,182.4151201,2.384879915,,
192.9,195.4520112,-2.552011186,,
222.9,207.1594671,15.74053292,,
211.2,195.1746345,16.02536553,,
196.9,184.5689407,12.33105931,,
195.7,185.8259642,9.874035813,,
188.2,173.8304345,14.36956547,,
174.5,176.0413044,-1.541304371,,
172,172.0987023,-0.098702313,,
188.7,176.4971919,12.20280814,,
193.7,184.2174988,9.482501216,,
198.5,183.6927161,14.80728388,,
203.4,190.4450959,12.95490405,,
204.9,189.2350988,15.66490117,,
191.3,188.2106583,3.089341721,,
189.6,190.5378906,-0.937890626,,
214.9,197.4513099,17.44869014,,
215.9,196.3443243,19.55567567,,
211.2,209.2548961,1.945103945,,
187.6,166.5282638,21.07173619,,
199.7,183.2764696,16.42353039,,
185.3,187.2535877,-1.953587749,,
192.3,198.1037686,-5.803768645,,
205.5,183.3645181,22.13548187,,
215.9,203.7358173,12.16418273,,
196,182.1003798,13.89962016,,
200.9,187.5644578,13.33554223,,
186.6,176.5279458,10.07205415,,
177.4,185.5576502,-8.157650246,,
173,184.5727448,-11.5727448,,
187.8,185.5987171,2.201282867,,
189.8,180.3831308,9.416869163,,
193,179.9892262,13.01077376,,
193.7,180.7616516,12.93834836,,
190.9,182.7201983,8.179801739,,
176.5,180.0578488,-3.557848849,,
183.6,198.2630856,-14.6630856,,
196.6,190.8216206,5.7783794,,
185.5,170.5390472,14.96095282,,
185.3,175.8386632,9.461336838,,
189.8,174.1597878,15.64021224,,
191.7,176.315384,15.38461604,,
172.1,179.3495972,-7.249597157,,
162.9,160.9530128,1.946987168,,
182.1,174.714253,7.385747026,,
186.1,176.3342655,9.76573446,,
185.3,172.123952,13.17604798,,
189,179.9207598,9.079240206,,
188,179.0298064,8.970193605,,
173,173.6229972,-0.622997226,,
172.2,175.7805335,-3.580533505,,
192.3,185.0940065,7.20599347,,
189.2,179.3125903,9.887409676,,
184.4,173.2162145,11.18378545,,
187.2,179.5361515,7.663848456,,
184.9,179.1173416,5.782658375,,
171.3,173.052643,-1.752642983,,
167,178.1895546,-11.18955456,,
180,175.4014536,4.598546433,,
183.2,174.3674414,8.832558562,,
185.5,173.1193268,12.38067319,,
184.7,171.4541839,13.24581613,,
167.3,174.7216687,-7.421668665,,
169.8,173.63761,-3.837609951,,
165,174.5563357,-9.556335674,,
168.6,173.4588137,-4.858813733,,
182.1,176.2407137,5.859286339,,
179.8,173.4933043,6.30669569,,
166.5,171.6227741,-5.122774074,,
176.8,171.8950267,4.904973263,,
167.9,182.5146897,-14.61468968,,
166.5,177.4216771,-10.92167706,,
185.5,182.1393193,3.360680663,,
187.1,176.0532368,11.04676318,,
189.4,182.9015064,6.498493608,,
189.7,179.7309725,9.969027467,,
190.3,186.7245951,3.575404947,,
173.8,181.2454176,-7.445417623,,
170.3,190.8223052,-20.52230518,,
186.9,180.3101365,6.589863461,,
191.8,182.8039691,8.996030885,,
193.6,188.7827165,4.817283514,,
196,187.3096221,8.69037789,,
202.6,202.6344942,-0.034494231,,
185.8,189.5738472,-3.773847239,,
179.5,189.1061706,-9.606170607,,
194.4,186.4502265,7.949773535,,
193.6,183.6696052,9.930394848,,
194.7,187.0201414,7.679858621,,
195.1,185.7332601,9.366739905,,
191.6,183.7674434,7.832556617,,
178.5,184.4865569,-5.986556922,,
176.6,183.9800839,-7.380083914,,
193.4,185.8155925,7.584407543,,
191.4,179.0961084,12.30389164,,
191.6,182.5564471,9.043552877,,
190.4,181.6765246,8.72347545,,
190.2,184.5551741,5.644825939,,
177.2,185.1218619,-7.921861865,,
176.7,193.729329,-17.02932899,,
207.2,209.874271,-2.674270977,,
211.2,209.0245147,2.17548528,,
207.9,205.8064061,2.093593879,,
216.7,216.6450101,0.054989855,,
217.5,206.1741154,11.3258846,,
198.5,208.2353392,-9.735339155,,
191.9,203.1965596,-11.29655957,,
211.6,208.6130578,2.986942162,,
233.5,230.5217883,2.978211717,,
227.5,224.309717,3.19028295,,
220.1,203.7588938,16.34110625,,
216.4,214.6889022,1.711097765,,
206.8,219.6892131,-12.8892131,,
184.9,196.6570123,-11.75701231,,
182.9,197.6263266,-14.72632657,,
197.5,191.1099106,6.390089411,,
201.3,197.1652816,4.13471842,,
199.4,201.349971,-1.949970997,,
202.9,209.0554596,-6.155459584,,
194.7,207.7255383,-13.02553834,,
198.9,221.7540529,-22.85405289,,
214.2,216.5041119,-2.304111949,,
212.2,208.7711724,3.428827639,,
215.5,218.099469,-2.599469017,,
228.6,226.4241089,2.175891128,,
231.5,226.0706406,5.429359445,,
221.1,230.5689323,-9.468932337,,
216.1,226.643812,-10.54381196,,
230.6,215.5027966,15.09720342,,
223.2,209.8390894,13.36091064,,
217.2,208.0571905,9.142809463,,
215.6,202.5848189,13.0151811,,
210.7,200.683276,10.01672403,,
195.5,203.9930214,-8.493021377,,
193,213.6314879,-20.63148792,,
219.1,217.8980836,1.201916384,,
220.8,212.4930143,8.30698572,,
221,216.6580215,4.341978536,,
216.3,212.1746521,4.125347851,,
211.8,208.1962053,3.603794668,,
195,204.750307,-9.750306996,,
192.1,205.7820885,-13.68208853,,
207.1,206.0506361,1.049363907,,
212.2,212.3797506,-0.179750573,,
218.3,216.3412906,1.958709398,,
215.1,212.6437917,2.456208293,,
209.9,211.4994142,-1.599414233,,
206,225.8745784,-19.87457839,,
207.5,223.7343189,-16.23431891,,
221.5,217.4501769,4.049823074,,
221.5,209.8987858,11.6012142,,
215.7,211.0920978,4.607902234,,
215.4,210.437915,4.962085026,,
213.5,212.3464947,1.153505296,,
201,207.8272053,-6.827205308,,
192.2,202.0280768,-9.82807677,,
204,206.370105,-2.370105014,,
203.9,198.9172768,4.982723195,,
207.5,207.5710576,-0.07105761,,
212.7,209.0357479,3.664252081,,
215.1,213.4856289,1.614371142,,
194.8,207.2346596,-12.43465962,,
192.8,204.4708339,-11.67083387,,
213.2,208.4518628,4.748137174,,
216.7,219.332721,-2.632720974,,
216.5,211.3123944,5.18760562,,
211.4,200.9100246,10.48997542,,
211.5,209.0343722,2.465627799,,
197.1,200.8721337,-3.772133742,,
194.8,210.7323477,-15.93234766,,
207,198.7340286,8.265971443,,
210.7,204.0519231,6.648076943,,
209.1,201.6643166,7.435683392,,
211.8,208.8262604,2.973739585,,
212.9,210.9519561,1.948043867,,
210.8,216.0495539,-5.249553871,,
210.9,221.8014434,-10.90144343,,
219.2,205.9390115,13.26098854,,
221.1,203.9218727,17.17812733,,
219.7,201.3741099,18.32589009,,
216.6,198.7218776,17.8781224,,
209.7,194.667727,15.03227301,,
191.2,198.0575896,-6.857589569,,
187.4,190.3781531,-2.978153092,,
208.2,205.8779666,2.322033432,,
212.9,198.7835998,14.11640023,,
204.9,192.779293,12.12070701,,
207.2,207.7913235,-0.591323522,,
207.9,200.5344477,7.365552287,,
187.6,186.1172623,1.482737713,,
181,191.5398559,-10.53985591,,
206.4,211.0394552,-4.639455197,,
204.4,197.5807273,6.819272679,,
202.2,187.5558971,14.64410291,,
221,218.8399676,2.160032425,,
221.6,216.341962,5.258038015,,
197.3,195.6762131,1.623786925,,
180.2,177.0270423,3.172957706,,
192.3,182.4254466,9.874553362,,
189,175.0909843,13.90901568,,
189,170.6542856,18.34571442,,
186,178.2460562,7.753943805,,
188.1,168.2455979,19.85440207,,
181.2,187.3690856,-6.169085602,,
179.4,188.8502704,-9.450270431,,
201,199.1984448,1.801555175,,
202.9,191.8361452,11.06385482,,
196.3,177.1748146,19.12518539,,
195.8,178.8401529,16.95984713,,
186.5,178.8613979,7.638602052,,
174,178.1274308,-4.127430777,,
167.7,168.485823,-0.785823013,,
186.5,188.4510547,-1.951054724,,
211.8,209.8453434,1.954656571,,
200.5,202.4541806,-1.954180616,,
188.8,185.9630401,2.836959865,,
183.8,173.4533835,10.34661651,,
171.7,173.1163635,-1.416363507,,
163.4,175.7324972,-12.33249716,,
180,183.608356,-3.608355996,,
182.3,169.9184544,12.38154562,,
181.5,172.4538362,9.046163772,,
182.7,175.448215,7.251784985,,
178.3,166.5340635,11.76593653,,
167,167.8031451,-0.803145147,,
163.8,166.4812028,-2.681202795,,
183.8,183.6512681,0.148731885,,
183,172.8952201,10.10477989,,
178.8,164.2015857,14.59841428,,
180.9,170.1611567,10.73884334,,
180.5,177.6600444,2.839955558,,
169.4,180.3018799,-10.90187991,,
166.9,169.47458,-2.574579971,,
163.5,169.6812063,-6.181206333,,
180.1,174.4494889,5.650511112,,
177.4,166.2793568,11.12064323,,
178.5,167.398839,11.10116097,,
183.5,175.9296074,7.570392553,,
177.1,177.6829221,-0.582922105,,
165.7,167.6546332,-1.954633193,,
177.5,166.8140569,10.68594308,,
178.3,167.2921862,11.00781381,,
181.7,169.9954948,11.70450517,,
179.2,168.4180686,10.78193137,,
175.6,163.6784043,11.92159573,,
167.8,169.1444573,-1.344457308,,
164,162.0546865,1.945313516,,
176,160.236176,15.76382396,,
177.4,164.4817959,12.91820406,,
181,170.0679181,10.93208189,,
184.4,177.8360511,6.563948892,,
194.6,192.6475273,1.95247272,,
177.2,173.8260737,3.373926292,,
160.8,165.2506637,-4.450663741,,
175.5,164.4027392,11.09726076,,
179.3,167.208762,12.09123803,,
184.3,173.9848159,10.31518414,,
190.4,177.2529337,13.1470663,,
187.4,173.8229489,13.57705107,,
178.1,177.0610004,1.038999557,,
175.6,176.0931152,-0.493115173,,
182.1,173.9602952,8.139704835,,
179.7,163.9038385,15.79616146,,
177,175.0478718,1.952128234,,
188.2,181.3195781,6.880421895,,
187.1,175.4206052,11.67939477,,
163.5,166.868149,-3.368148972,,
163.5,166.1282952,-2.628295181,,
179.4,172.4242897,6.975710324,,
193.8,197.0921981,-3.292198139,,
174.1,172.1136238,1.986376172,,
178.3,172.713943,5.58605699,,
184,188.8363345,-4.836334463,,
164.8,165.303784,-0.50378403,,
162.2,169.6687166,-7.468716627,,
180.1,173.5448704,6.555129579,,
196,197.9481071,-1.948107098,,
187.3,172.0166731,15.28332688,,
203.8,187.4444878,16.35551221,,
195.5,175.087304,20.41269604,,
175.8,170.5807613,5.219238739,,
170,171.9558049,-1.95580491,,
193.5,188.5558268,4.94417321,,
196.5,194.5459068,1.954093164,,
176.6,172.139446,4.460553959,,
184.6,174.8518535,9.748146509,,
196.8,186.3483292,10.45167081,,
174.2,172.8720168,1.327983181,,
168,169.3562415,-1.356241458,,
178.3,167.038669,11.26133096,,
179,180.9599643,-1.959964332,,
184.4,186.3077199,-1.907719858,,
194.6,195.612734,-1.012733964,,
194.2,182.6341171,11.56588291,,
174.7,173.1283618,1.57163821,,
169,172.378006,-3.378006005,,
198.7,180.5864728,18.11352719,,
209.7,207.99748,1.702519963,,
188.3,173.7576931,14.54230687,,
186,171.9930122,14.00698784,,
181.9,171.9850901,9.914909881,,
175.5,175.8556368,-0.355636787,,
181.1,185.8959111,-4.795911082,,
186.8,168.7475033,18.05249675,,
187.8,169.713624,18.08637603,,
194.4,185.402177,8.997823041,,
214.7,216.6512885,-1.951288493,,
198,177.0463423,20.95365769,,
202.5,209.3741145,-6.874114465,,
167.9,170.8536768,-2.953676765,,
176.5,177.5523879,-1.052387919,,
182.6,183.1375571,-0.537557131,,
160.3,177.0164815,-16.71648152,,
169.6,178.0535031,-8.453503058,,
182.1,179.3465453,2.753454709,,
186.7,190.9372139,-4.237213915,,
187.2,194.0553918,-6.855391848,,
202.1,199.803479,2.29652101,,
208.2,213.5527536,-5.352753565,,
172.3,180.2835323,-7.98353233,,
184.2,188.8230234,-4.623023402,,
203.5,207.6022076,-4.102207622,,
228.3,232.4566362,-4.156636248,,
177.9,181.5870431,-3.687043134,,
185,183.0580446,1.941955441,,
200,210.6997311,-10.69973112,,
200,191.7106793,8.289320725,,
194.5,192.4205796,2.079420418,,
220.7,222.6567353,-1.956735316,,
176,179.5777067,-3.577706663,,
165.7,168.1373171,-2.437317064,,
180.2,174.7921101,5.407889881,,
191.2,185.4292476,5.770752382,,
196.6,192.3147446,4.285255421,,
197.1,203.8094342,-6.70943416,,
186.7,184.4041474,2.295852623,,
173.6,183.9071375,-10.30713748,,
170.3,183.6099402,-13.30994019,,
196.9,200.788737,-3.888737044,,
199.5,191.5609966,7.939003363,,
217.2,211.7734632,5.426536815,,
248.2,230.1834866,18.01651339,,
218,191.6105498,26.38945022,,
202.8,203.2527063,-0.452706279,,
215.3,237.8633305,-22.5633305,,
210.4,209.6061464,0.793853627,,
236.4,221.0244101,15.37558986,,
219.7,195.5003169,24.19968313,,
228.6,208.0334806,20.56651936,,
252.1,237.1055522,14.99444778,,
263.6,241.2934637,22.30653629,,
233.5,221.1127431,12.38725686,,
213.5,206.3359374,7.164062574,,
182.1,167.3272477,14.7727523,,
186.4,177.6008653,8.799134738,,
190.6,187.2715948,3.328405152,,
189,184.3919071,4.60809291,,
178.9,181.2291787,-2.329178718,,
175.6,177.5466559,-1.946655927,,
190.1,192.0567289,-1.956728902,,
200,200.9552935,-0.955293508,,
201.2,194.6394648,6.560535222,,
204.6,198.7771419,5.822858086,,
196,183.4202977,12.57970232,,
184.2,187.3873154,-3.187315431,,
181.2,179.2427204,1.957279603,,
197.6,190.3180383,7.281961679,,
212.4,212.0406828,0.359317217,,
190.6,183.2750791,7.324920879,,
183.4,171.4485032,11.95149682,,
185.9,179.1689902,6.731009775,,
175.2,177.300034,-2.100033995,,
172.3,182.358064,-10.05806396,,
193.7,183.9220603,9.777939668,,
202.9,195.7627112,7.137288786,,
206.6,204.7558656,1.844134372,,
189.9,176.517493,13.38250698,,
183.2,173.6119326,9.588067435,,
174.9,178.4384957,-3.538495726,,
182.6,197.6358422,-15.03584223,,
210.4,211.3517137,-0.951713701,,
192.9,178.2872764,14.61272355,,
194.4,189.8245892,4.575410798,,
196.8,195.0927509,1.707249096,,
191.1,189.151168,1.948831976,,
170.3,175.9866998,-5.686699822,,
162.7,173.4292847,-10.72928471,,
177.6,174.5423886,3.057611353,,
178.5,174.3954888,4.104511211,,
179.2,175.0114186,4.188581411,,
181.2,175.5321604,5.667839596,,
177.8,175.2335241,2.566475937,,
172,174.5550423,-2.55504232,,
162.4,163.2428513,-0.842851346,,
179.6,174.0531129,5.5468871,,
179.4,171.6408178,7.759182244,,
177.6,174.9490495,2.650950514,,
186.7,187.4415569,-0.741556911,,
196.5,197.9293346,-1.429334628,,
170.1,175.7724609,-5.672460923,,
168.4,179.8545248,-11.45452477,,
176.2,174.3423495,1.857650543,,
178.8,177.1896269,1.610373067,,
177.9,180.1272653,-2.227265338,,
177.5,175.992915,1.507084962,,
172,174.0152069,-2.01520692,,
161.4,176.0771709,-14.67717091,,
159.9,175.889468,-15.989468,,
176.1,184.1759504,-8.075950412,,
174.2,174.8930625,-0.693062508,,
176.7,182.8652496,-6.165249616,,
179.4,185.9059109,-6.505910857,,
176.8,180.4569112,-3.656911198,,
162.3,174.8380223,-12.53802228,,
155.8,168.7930465,-12.99304654,,
169.9,173.6444839,-3.744483926,,
173.5,178.6576851,-5.157685056,,
175.4,181.6231244,-6.223124423,,
174.8,179.1743194,-4.374319411,,
164.6,182.6881571,-18.08815706,,
161.7,168.2487272,-6.548727245,,
153.2,169.1134684,-15.91346844,,
156.9,175.9920541,-19.09205414,,
167.6,172.9696823,-5.36968234,,
172.6,171.8287933,0.771206705,,
175.5,184.1520966,-8.652096579,,
170.9,173.1638683,-2.263868346,,
158.9,173.9348928,-15.03489278,,
157.3,178.4634363,-21.16343626,,
175.9,186.30813,-10.40813005,,
172.7,175.4443163,-2.744316257,,
171.4,174.1655307,-2.765530714,,
172.5,175.1401139,-2.640113907,,
171.3,173.4474189,-2.147418925,,
159.2,172.6124964,-13.41249641,,
162,181.1447542,-19.14475419,,
173,183.9819287,-10.98192869,,
174.5,180.4925869,-5.992586948,,
177.5,178.5250221,-1.025022127,,
188.9,190.8480077,-1.948007688,,
189.8,194.580919,-4.780918973,,
179.2,191.4082738,-12.20827378,,
169.4,186.2652677,-16.86526771,,
186.9,187.2663426,-0.366342637,,
185.6,186.5538374,-0.953837396,,
184.1,181.8743535,2.225646479,,
186,184.913484,1.086516023,,
176.7,175.7690153,0.930984687,,
170.6,183.4524972,-12.85249724,,
169.9,195.3927186,-25.49271855,,
191.9,193.855571,-1.955571,,
195.7,190.1651787,5.534821291,,
198.4,197.73009,0.66990998,,
201.1,199.8655287,1.23447126,,
199.9,203.9898544,-4.089854449,,
184.4,192.7210124,-8.321012384,,
178.7,191.3701375,-12.67013749,,
195.2,193.7574093,1.442590673,,
189.3,187.1584229,2.141577101,,
188,186.0442729,1.95572705,,
198.5,200.6215634,-2.121563369,,
210,219.8245109,-9.824510903,,
195.3,212.9545574,-17.65455738,,
188.5,209.5154359,-21.01543587,,
207.4,212.3291844,-4.929184404,,
203.5,201.5481629,1.951837133,,
196.7,197.147326,-0.447326018,,
194.6,191.9070838,2.692916168,,
200.9,203.7672424,-2.867242363,,
186.4,194.5425166,-8.14251659,,
178.4,195.8426624,-17.44266243,,
195.4,196.2190765,-0.819076474,,
218.6,226.1136858,-7.513685834,,
209.1,206.5199143,2.580085693,,
212.8,215.8926994,-3.092699357,,
211.7,205.3190687,6.380931324,,
199.5,207.4636716,-7.963671572,,
202.2,216.2155661,-14.01556608,,
194.9,208.5591692,-13.65916924,,
210.6,202.7592148,7.840785237,,
211,206.683473,4.316527045,,
203.3,194.9392517,8.360748278,,
208.6,207.8102625,0.789737471,,
189.3,198.0061113,-8.706111269,,
183.7,196.826188,-13.12618804,,
202.4,205.4833899,-3.083389856,,
202.9,201.3249734,1.575026582,,
213.5,215.4573729,-1.957372868,,
204.8,206.4205934,-1.62059339,,
204.7,204.1753158,0.524684165,,
191.1,203.3480646,-12.24806458,,
193.2,212.4416576,-19.24165758,,
217.1,222.174679,-5.074679032,,
224.6,221.1288969,3.471103094,,
220.5,216.3033293,4.196670667,,
214.5,212.1030871,2.396912875,,
214.8,213.4601294,1.339870579,,
205.9,221.0421576,-15.14215761,,
201.5,220.4048011,-18.90480112,,
216.1,216.5435892,-0.443589155,,
216.1,208.761896,7.338103998,,
208.6,203.5343536,5.065646408,,
202.3,199.1582351,3.141764909,,
204.4,214.0273523,-9.627352335,,
202.1,220.8076736,-18.70767356,,
197.6,214.9136002,-17.31360023,,
215.7,214.7533582,0.9466418,,
218.9,219.9687909,-1.068790929,,
218.8,219.4745794,-0.674579388,,
215.8,209.9804984,5.819501593,,
215.4,213.8435402,1.556459814,,
202.6,218.1058636,-15.50586361,,
197.9,212.3581908,-14.45819079,,
212.9,214.852614,-1.952614002,,
225.4,219.6815962,5.718403757,,
220.4,223.7081903,-3.308190257,,
219.3,225.5138791,-6.213879078,,
217.3,224.4417012,-7.141701178,,
200.8,214.22551,-13.42550996,,
191.4,206.3852862,-14.98528619,,
208.4,214.5066536,-6.106653627,,
219.4,215.3197808,4.080219162,,
219.7,211.4910397,8.208960265,,
218.2,209.0209716,9.179028415,,
214.9,206.1754566,8.724543404,,
205.7,212.2455157,-6.545515738,,
206.9,214.0370157,-7.137015672,,
220.2,218.2435717,1.956428278,,
211.7,209.7488185,1.951181467,,
202.2,200.5999714,1.600028583,,
207,206.0009005,0.999099538,,
208.7,209.3598835,-0.659883546,,
196.9,203.5263981,-6.626398131,,
193,203.2881302,-10.28813017,,
207.9,201.9155262,5.984473797,,
205.5,203.9012778,1.598722154,,
216.7,212.611422,4.088577979,,
222.3,212.4988567,9.801143284,,
238.3,236.7913204,1.508679605,,
204.4,212.3103624,-7.910362353,,
209.2,221.1829848,-11.98298477,,
218.9,215.7385367,3.161463283,,
211.3,205.145616,6.154384001,,
212.7,209.4199736,3.280026405,,
194.9,186.058351,8.841649015,,
208.4,207.7386973,0.661302703,,
188.5,197.3254565,-8.825456516,,
182,197.706354,-15.706354,,
193.7,195.0148978,-1.31489782,,
197.9,200.016717,-2.11671699,,
200.4,196.1828997,4.217100312,,
204.5,198.0879373,6.412062684,,
205.9,201.6996911,4.200308936,,
206.6,208.0863807,-1.486380674,,
197.7,201.2454451,-3.545445076,,
207.5,197.5433849,9.956615124,,
213,200.0013364,12.99866359,,
208.7,190.9432471,17.7567529,,
204.1,187.0633971,17.0366029,,
195.1,192.2169622,2.883037839,,
182.3,183.3029748,-1.002974817,,
171.6,176.4053471,-4.805347098,,
183.9,183.927609,-0.027608958,,
189.5,192.6054709,-3.105470882,,
189.9,180.96279,8.937210034,,
182.1,168.8766632,13.22333679,,
183.6,197.4738905,-13.87389052,,
166.6,173.6496183,-7.049618311,,
169.5,187.4276173,-17.92761726,,
178.9,175.0462686,3.853731419,,
178.3,172.6881024,5.611897584,,
195.4,202.7797753,-7.379775269,,
189.8,183.0358209,6.764179068,,
183.1,183.4679107,-0.367910717,,
168.8,172.7623982,-3.962398153,,
168.8,182.5684023,-13.76840228,,
172.9,172.9352945,-0.035294534,,
176.5,174.7462065,1.753793526,,
175.2,166.3782772,8.821722755,,
175.5,166.9865637,8.513436262,,
181.6,193.2751717,-11.67517174,,
167.7,172.9980403,-5.298040295,,
167.8,180.9907124,-13.19071237,,
175.1,169.1722422,5.927757767,,
173,164.7680819,8.231918133,,
171.7,170.8582218,0.841778204,,
173.1,170.9172504,2.182749595,,
182.1,180.1436303,1.956369675,,
174.5,176.4506318,-1.950631792,,
167.9,177.0290239,-9.129023882,,
174.9,168.4096903,6.490309735,,
174.9,173.9145102,0.985489815,,
183.5,187.9799275,-4.479927519,,
172.3,165.1868528,7.113147207,,
168.3,164.2238301,4.076169922,,
156.5,167.5311922,-11.03119224,,
152.9,172.1830911,-19.28309107,,
158.3,174.9688967,-16.66889673,,
173.3,181.7941978,-8.494197809,,
177.5,180.1576001,-2.657600066,,
177.8,169.4710983,8.328901747,,
169.1,165.1068147,3.993185284,,
156,162.0885073,-6.088507292,,
153.6,165.9471971,-12.34719709,,
169.8,168.1027401,1.697259919,,
175.1,171.5224841,3.577515945,,
171.1,169.6688032,1.43119683,,
173.4,171.8691621,1.530837874,,
176.3,176.9201488,-0.620148758,,
164.4,169.8867091,-5.486709149,,
161.3,171.0554058,-9.755405792,,
170.9,170.2084053,0.69159473,,
172.2,171.7381541,0.461845865,,
168.4,164.483767,3.916233049,,
173.8,169.3469416,4.453058361,,
173.3,174.2630569,-0.963056867,,
170.2,183.0352242,-12.83522418,,
169.5,183.4685933,-13.96859327,,
188.7,192.1748202,-3.474820204,,
180.5,172.2228489,8.277151093,,
178.1,173.3631501,4.736849949,,
174.8,172.2193046,2.580695435,,
169.1,166.6211286,2.478871442,,
164.4,169.1890974,-4.789097368,,
160.9,173.1441216,-12.24412158,,
168.7,165.6307214,3.069278623,,
166.7,160.5672364,6.13276357,,
169,169.6655823,-0.665582338,,
183.1,179.4977951,3.602204884,,
166.9,168.8468771,-1.946877051,,
157,165.7811636,-8.78116357,,
151.6,160.5513093,-8.951309317,,
166.7,165.80534,0.894660004,,
167,161.4404129,5.559587078,,
170.7,168.4759697,2.224030267,,
180.5,178.8904978,1.609502241,,
177,176.2993729,0.700627116,,
159.3,163.5733611,-4.273361095,,
165.1,179.6598178,-14.55981784,,
204.4,202.4482221,1.951777926,,
178.3,167.6639068,10.63609318,,
173.5,166.9769281,6.523071902,,
177.6,169.5370947,8.062905302,,
196.6,198.5567763,-1.956776271,,
169,171.0048234,-2.004823446,,
174.1,178.0687728,-3.968772811,,
187.6,191.0591115,-3.459111539,,
174.9,164.2349527,10.66504727,,
176.8,170.1701296,6.629870446,,
196.7,187.2573956,9.442604409,,
196.4,185.2271825,11.17281755,,
225.2,223.255192,1.94480802,,
219.7,214.4113934,5.288606554,,
185.5,171.5816754,13.91832462,,
201.8,189.7160526,12.08394739,,
185.8,167.1565133,18.64348671,,
184.2,175.6839894,8.516010616,,
192.8,181.4248581,11.37514188,,
177.3,177.7895701,-0.489570114,,
167.1,168.4051177,-1.305117711,,
182,180.0473557,1.952644275,,
170.6,166.8638032,3.736196818,,
172.7,169.0074549,3.692545059,,
178.3,173.0807559,5.21924411,,
174.2,165.6917163,8.508283663,,
164.2,165.9636433,-1.763643269,,
159.6,167.9541877,-8.354187688,,
180,170.8864356,9.113564385,,
189.3,184.0380196,5.261980362,,
199.1,197.1569538,1.943046249,,
211.1,209.1563391,1.943660865,,
209.8,206.6054006,3.194599416,,
178.5,167.7079831,10.79201692,,
172.7,169.7598766,2.940123394,,
183.3,184.4157855,-1.115785488,,
179.2,177.2509487,1.949051265,,
167.3,166.2473065,1.052693487,,
168.6,170.1982942,-1.598294195,,
149,163.8860279,-14.88602791,,
151.8,171.1774745,-19.37747453,,
162.2,176.8444557,-14.64445567,,
165.7,185.232697,-19.53269697,,
166,167.9537389,-1.953738904,,
167.2,168.2635553,-1.063555277,,
164.9,168.4288768,-3.528876757,,
157,170.6802775,-13.68027745,,
159.3,175.5097834,-16.20978341,,
163.8,186.5755744,-22.77557436,,
180.7,198.3001357,-17.6001357,,
182.6,184.5428072,-1.942807223,,
176.4,178.3550339,-1.955033852,,
171.4,172.2207619,-0.820761931,,
167.9,169.8462362,-1.946236175,,
160.2,161.6158447,-1.415844692,,
161.8,168.3416826,-6.541682572,,
182.5,174.0026038,8.497396234,,
195.8,193.8409424,1.959057588,,
199.5,189.3307893,10.16921072,,
210.4,214.1256817,-3.725681743,,
198.3,182.1278852,16.17211477,,
160.4,172.9326159,-12.53261592,,
158.1,167.9788565,-9.878856484,,
190.4,183.1369146,7.263085411,,
182.3,184.2480659,-1.948065911,,
176.5,174.3028665,2.197133465,,
179,169.5536988,9.446301186,,
203.6,206.5781236,-2.978123596,,
203.9,210.6804086,-6.780408637,,
209.8,228.8425697,-19.04256974,,
225.9,216.5992943,9.300705735,,
221.7,226.7496137,-5.049613741,,
200.7,188.8633326,11.83666741,,
185.5,182.1834442,3.316555766,,
185.5,187.4509696,-1.950969616,,
181.1,199.8719266,-18.77192662,,
174,189.1956323,-15.19563227,,
189.2,189.6371996,-0.437199623,,
178.9,175.1737806,3.726219423,,
175.1,169.249768,5.850231956,,
188.9,185.7823385,3.117661458,,
198.5,192.2283985,6.271601518,,
181.4,193.5228647,-12.1228647,,
170.1,179.1915567,-9.091556675,,
182.1,179.8370134,2.26298665,,
179.5,177.551599,1.94840103,,
178.4,176.1393641,2.260635917,,
182.4,177.1955683,5.204431718,,
195.6,197.0980519,-1.498051934,,
177.3,190.7226071,-13.4226071,,
158,169.209943,-11.20994295,,
173.9,175.5311673,-1.63116726,,
179.4,178.0957866,1.304213365,,
178.3,175.0462722,3.253727807,,
180.9,178.6640016,2.235998417,,
189.3,187.1668266,2.133173393,,
182.4,196.8183938,-14.41839378,,
183.1,196.7710463,-13.67104627,,
196.9,193.9691226,2.930877379,,
183.2,172.676995,10.52300495,,
181.5,175.0602051,6.439794904,,
185.4,184.5422103,0.857789685,,
182.5,181.2905301,1.209469894,,
174.1,186.7908511,-12.69085109,,
173.8,189.3913141,-15.59131412,,
207.6,208.3691913,-0.769191304,,
181.9,177.148959,4.751041034,,
176.9,172.6524236,4.247576401,,
177.5,178.3981466,-0.898146636,,
174.3,175.1943529,-0.894352885,,
162.6,173.4004548,-10.8004548,,
159.2,177.1174282,-17.9174282,,
187,191.5836376,-4.583637572,,
186.4,183.7749412,2.625058801,,
184.9,179.7385998,5.161400157,,
189.2,183.5483448,5.651655227,,
189.4,188.855155,0.54484498,,
186.8,199.6122664,-12.81226642,,
175.1,183.8657454,-8.765745361,,
167.8,166.5189633,1.281036743,,
178.5,175.6260524,2.873947577,,
181,176.8537129,4.146287072,,
188.2,186.9395483,1.260451653,,
182.6,187.4965077,-4.896507682,,
177,185.666027,-8.666027047,,
175.1,177.0537939,-1.953793869,,
189.1,191.0471704,-1.947170361,,
190.7,188.494124,2.205875951,,
177.9,179.8425193,-1.942519269,,
178.4,175.8306024,2.569397589,,
170,172.7756798,-2.775679829,,
162.6,174.6133469,-12.01334691,,
157.3,173.8552485,-16.55524852,,
175.4,173.4447013,1.955298672,,
173,172.4118592,0.588140754,,
173,171.2344886,1.765511377,,
176.1,171.6547697,4.445230337,,
158.7,173.9939992,-15.29399916,,
159.9,173.873021,-13.97302095,,
158.3,177.1867516,-18.88675157,,
166.2,179.0395841,-12.83958411,,
183.1,181.4997945,1.600205524,,
183.2,181.2564825,1.943517478,,
180.7,177.2753492,3.424650822,,
178.7,179.0569659,-0.356965919,,
162.7,175.8413366,-13.14133662,,
157.3,171.1690693,-13.8690693,,
173.2,169.7107957,3.48920435,,
175.5,172.0265967,3.473403263,,
176.4,177.3254074,-0.925407383,,
175.5,172.9518127,2.548187347,,
176.8,179.0991643,-2.299164266,,
175.5,187.1605684,-11.66056844,,
162,177.2672262,-15.26722617,,
176.1,175.2173739,0.882626131,,
180,177.8465948,2.153405182,,
179.5,175.2245217,4.27547833,,
188.2,177.5068695,10.69313047,,
186.5,176.1610136,10.33898636,,
171.4,177.052242,-5.652242028,,
168.8,180.1057511,-11.30575115,,
181.7,179.3047794,2.395220565,,
182.1,178.9004136,3.199586426,,
182.5,180.6261861,1.87381389,,
182.6,178.3069649,4.293035123,,
182.2,178.7820516,3.417948429,,
174.8,177.5496467,-2.749646651,,
168.4,177.0677511,-8.667751133,,
179,174.9501517,4.049848294,,
194.5,193.4297929,1.070207107,,
193.2,194.5321047,-1.332104684,,
190.1,188.1401383,1.959861672,,
183.6,185.3747843,-1.774784263,,
169,175.1938916,-6.193891604,,
168.5,189.2035249,-20.70352495,,
180.4,179.0891438,1.310856159,,
187.9,186.5425744,1.357425623,,
186.4,185.4198887,0.98011128,,
185.1,180.5046988,4.595301164,,
185.5,192.6490519,-7.149051852,,
187.1,203.6452809,-16.54528087,,
184.9,199.7484069,-14.84840687,,
199.8,196.7631698,3.036830179,,
202.4,194.1242872,8.275712817,,
203.2,193.072616,10.12738399,,
200.9,192.9226735,7.977326528,,
209.1,205.1646766,3.935323378,,
186.5,192.1631994,-5.663199351,,
182.6,195.1356963,-12.53569626,,
197,190.9392073,6.060792666,,
192.6,187.9491235,4.65087646,,
196,193.3771101,2.622889879,,
204.7,202.8361075,1.863892501,,
208.3,207.3699658,0.930034227,,
203.5,220.985754,-17.48575398,,
197.7,215.8792269,-18.17922687,,
205.2,202.1493642,3.050635753,,
211.2,203.7271018,7.472898157,,
203.3,197.4554207,5.844579293,,
223.7,220.051995,3.648005023,,
212.7,201.1108965,11.58910348,,
202.3,210.6905474,-8.390547409,,
196.7,205.4918414,-8.791841409,,
215.7,202.9087798,12.79122018,,
226.4,215.6216548,10.77834522,,
229,224.3121479,4.687852109,,
254.2,252.2540415,1.945958453,,
235,220.7884389,14.21156115,,
212.4,214.4881103,-2.088110283,,
200.8,210.8049802,-10.00498023,,
200.3,214.6085698,-14.30856983,,
216.2,211.0094233,5.190576739,,
215.7,205.4890592,10.21094082,,
217.6,213.3827762,4.217223824,,
218.7,212.5123157,6.187684309,,
217,231.3521171,-14.35211707,,
207.4,225.5758116,-18.17581157,,
222.3,216.9482726,5.351727376,,
224,212.9774091,11.02259086,,
222.4,210.7571126,11.64288735,,
215.1,203.5271376,11.5728624,,
205.4,206.6972809,-1.297280858,,
199.1,212.8937048,-13.79370478,,
197.1,212.744374,-15.64437396,,
223.1,221.2250071,1.874992948,,
220.8,217.0168478,3.783152203,,
211.2,207.8393832,3.360616842,,
215.9,212.1976278,3.702372249,,
205.7,203.7411111,1.958888892,,
200.4,209.1494617,-8.749461691,,
205.7,221.8788752,-16.17887522,,
220.4,219.7989196,0.601080358,,
231.4,224.4556188,6.944381239,,
229.5,219.0099491,10.49005094,,
228.5,217.1153241,11.38467594,,
238.8,235.8048778,2.995122208,,
219.7,229.3180774,-9.618077382,,
209.3,212.0480779,-2.748077872,,
218.9,211.3110164,7.588983599,,
220.8,207.3942345,13.40576548,,
236.9,227.8434302,9.056569839,,
211.8,197.4113343,14.38866568,,
213.2,209.6297766,3.570223374,,
214.3,224.0954023,-9.795402274,,
199,212.0578091,-13.05780911,,
224.3,223.7261653,0.573834677,,
233.2,230.6175373,2.582462681,,
224.3,227.6920334,-3.392033371,,
223.3,215.9805686,7.319431392,,
226.5,225.260086,1.239914045,,
206.6,210.7281484,-4.128148395,,
207,221.4952138,-14.49521384,,
211.4,210.8193875,0.580612538,,
200.7,202.3568957,-1.656895684,,
196.8,200.5161993,-3.716199328,,
201,209.0651891,-8.065189094,,
209.7,208.9499807,0.750019317,,
190.3,207.0778544,-16.7778544,,
178.2,194.4147084,-16.21470843,,
196.1,205.438925,-9.338925016,,
197.4,198.330687,-0.930686975,,
207.8,213.9139874,-6.113987405,,
201.8,203.8637514,-2.063751376,,
196.2,200.9767443,-4.77674433,,
187.9,204.104115,-16.20411504,,
196.8,217.40776,-20.60776,,
196.3,200.6274841,-4.327484098,,
191.4,192.7102904,-1.310290418,,
182.2,186.8595315,-4.65953155,,
180.9,197.9589989,-17.05899892,,
190.5,198.1667272,-7.666727229,,
181.5,196.3964035,-14.89640348,,
174.2,193.5224286,-19.32242855,,
187.9,195.4547495,-7.554749536,,
190.1,198.2038622,-8.103862186,,
194.5,198.2769829,-3.776982896,,
192.2,192.1721513,0.027848679,,
184.1,186.0480121,-1.948012064,,
175.2,193.574811,-18.37481097,,
164.6,176.1684153,-11.56841528,,
178.8,190.3828348,-11.58283484,,
221.2,223.1518923,-1.951892316,,
209.5,211.4472436,-1.947243638,,
196,197.8269538,-1.826953807,,
197.6,199.3998843,-1.799884282,,
187.6,203.7611778,-16.16117776,,
188,207.6977065,-19.69770651,,
190.4,190.1261577,0.273842257,,
184,180.5630493,3.436950656,,
174.9,174.1310418,0.768958175,,
175.8,177.9123233,-2.112323308,,
170.3,173.173049,-2.873049023,,
173.2,194.5882279,-21.38822787,,
171,187.5220573,-16.52205734,,
180.4,182.5120764,-2.112076369,,
181.2,177.4620041,3.737995922,,
175.7,177.7506596,-2.050659564,,
173.7,171.754015,1.94598504,,
166.6,177.3675438,-10.76754382,,
159.7,165.999208,-6.299208009,,
157.2,169.488262,-12.28826198,,
178.1,199.3486805,-21.24868049,,
189.5,189.008282,0.491717982,,
184.6,179.4244168,5.175583183,,
183.1,184.437477,-1.337477024,,
171.9,172.2613714,-0.36137144,,
168.3,187.6639128,-19.36391277,,
158.3,168.5160829,-10.21608292,,
169.3,169.7536869,-0.453686928,,
182.3,188.3056832,-6.005683189,,
175.5,171.9067243,3.593275737,,
172.2,165.4821835,6.717816496,,
168.9,166.0043316,2.895668432,,
158.2,174.474387,-16.27438699,,
169.4,188.1870731,-18.78707309,,
174.9,177.7595957,-2.859595658,,
170.7,171.0752854,-0.37528537,,
181.7,185.9957894,-4.295789363,,
171.5,172.8622581,-1.362258103,,
170.2,171.0967688,-0.896768765,,
158.5,172.6358368,-14.13583682,,
152.2,168.3641427,-16.16414272,,
151.5,166.2326324,-14.73263236,,
164.3,165.1754943,-0.875494295,,
164.9,162.0576514,2.842348592,,
167.4,168.8376619,-1.437661941,,
162.8,168.2858957,-5.485895739,,
154.9,167.7384453,-12.83844528,,
157.2,173.5371105,-16.33711049,,
181.5,189.4723493,-7.97234935,,
190,188.0427862,1.957213754,,
185.8,180.5231877,5.276812322,,
173.5,171.5557255,1.944274499,,
171.1,167.8028403,3.297159701,,
157.4,164.0195469,-6.619546873,,
148.1,158.8184228,-10.71842278,,
162.1,163.2548614,-1.154861447,,
166.9,167.5757878,-0.67578777,,
168.6,165.0831246,3.516875365,,
169.5,167.54205,1.957950014,,
165.8,167.6748601,-1.874860058,,
158.4,176.6541828,-18.25418284,,
150,164.8472811,-14.84728111,,
162.3,158.4798307,3.820169281,,
164,160.3652941,3.634705884,,
165.7,165.0473932,0.652606846,,
176.3,177.7475135,-1.447513545,,
179,177.0876399,1.912360144,,
155.6,167.5860167,-11.98601672,,
149.9,160.1840507,-10.28405072,,
165.7,170.0162357,-4.316235709,,
166.7,166.4542615,0.245738519,,
166,165.7296489,0.270351106,,
178.3,176.2841606,2.015839411,,
175,176.4173687,-1.417368696,,
154.7,167.3759913,-12.67599128,,
159.8,174.3071234,-14.50712344,,
169.2,173.8080071,-4.608007143,,
168.1,167.8984118,0.201588249,,
180.4,181.2501287,-0.85012871,,
180.3,178.7869432,1.513056779,,
174.6,180.2620732,-5.662073247,,
160.4,165.4332488,-5.033248845,,
154.6,162.3445487,-7.744548683,,
164.5,162.2134845,2.286515478,,
161,162.9593624,-1.959362382,,
162.6,161.9676834,0.632316596,,
164.8,165.7810633,-0.981063267,,
176.5,176.7417295,-0.241729523,,
166.2,174.1416944,-7.941694426,,
168.5,177.8870819,-9.38708187,,
168,171.0151799,-3.015179948,,
171.2,167.3000404,3.899959635,,
176.9,174.8852747,2.014725283,,
184.4,186.3522826,-1.95228261,,
183,186.6908537,-3.69085367,,
169,167.1245022,1.87549783,,
160.1,163.9967784,-3.896778411,,
166.7,168.1904459,-1.490445885,,
179.9,171.118623,8.781377005,,
178.3,176.6507688,1.649231166,,
179,174.9818764,4.018123619,,
178,183.5117007,-5.511700669,,
163.2,167.0838127,-3.883812746,,
163.3,164.5600608,-1.260060832,,
173,168.4046692,4.59533084,,
175.2,175.6977438,-0.497743766,,
180,165.2298496,14.77015042,,
173.9,167.7466531,6.153346933,,
175.7,172.2118169,3.488183128,,
159.4,162.2330549,-2.833054884,,
151,160.4624123,-9.462412338,,
165,162.3683965,2.631603454,,
169,164.5218946,4.478105369,,
181.3,180.8047108,0.495289184,,
181.3,172.0497718,9.250228194,,
176.3,173.8500636,2.449936421,,
193.4,203.6080061,-10.20800605,,
188.5,203.2848267,-14.78482671,,
198.1,174.5160901,23.5839099,,
205.6,179.0173256,26.58267439,,
193.6,182.2659335,11.33406645,,
191.5,187.6976208,3.802379231,,
179.5,172.6206108,6.87938923,,
167.9,190.8913272,-22.99132721,,
162.1,179.0812379,-16.98123794,,
158.2,162.7212338,-4.521233754,,
154.5,162.4622281,-7.962228131,,
155,165.7520279,-10.75202786,,
159,163.6764742,-4.67647419,,
164.8,169.1941733,-4.394173307,,
162.2,180.4140472,-18.21404721,,
170.8,190.8272873,-20.02728727,,
173,176.5735796,-3.573579622,,
183.4,182.6685973,0.731402652,,
185.6,189.8781457,-4.278145675,,
188.3,192.5264654,-4.226465385,,
190,191.9515695,-1.951569502,,
180.5,190.9524892,-10.45248925,,
174.1,190.7638667,-16.6638667,,
198.5,204.5077116,-6.007711554,,
198.1,200.0583539,-1.958353862,,
189,185.2539172,3.746082777,,
186.7,184.7509732,1.949026765,,
193,190.7481103,2.251889696,,
186.6,205.6911481,-19.09114813,,
183.1,195.6776697,-12.57766968,,
212,208.5551026,3.444897436,,
198.5,192.4542375,6.04576246,,
184.2,182.4857005,1.714299497,,
175.6,171.2492532,4.350746814,,
175.4,178.3465735,-2.946573482,,
163.7,168.9146051,-5.214605099,,
164.5,172.1726342,-7.672634193,,
182,180.3549172,1.64508277,,
188.7,186.7460416,1.953958375,,
173.1,181.3504902,-8.250490229,,
188.4,181.8408419,6.559158148,,
201.4,194.0077332,7.392266839,,
192.8,200.3441865,-7.544186495,,
189,195.3841167,-6.38411672,,
212.5,204.5623492,7.937650821,,
226.9,224.9433915,1.956608467,,
197.3,187.2837505,10.01624952,,
176.8,168.6945768,8.105423238,,
171.4,168.7353433,2.664656747,,
162.6,169.6724896,-7.072489641,,
159.8,172.0857437,-12.2857437,,
171.5,170.4599639,1.040036088,,
171.2,172.0652017,-0.865201684,,
182.7,190.4583355,-7.758335522,,
195.6,197.975402,-2.375401986,,
184.3,181.686554,2.613445994,,
165.5,173.0944838,-7.59448381,,
162.8,173.5178808,-10.71788081,,
178.4,181.333021,-2.933020987,,
189,188.4089762,0.591023846,,
187.9,187.4336807,0.466319341,,
196.6,203.15268,-6.552679963,,
196.1,194.9174618,1.182538188,,
172.1,178.5854802,-6.485480212,,
175.9,189.5775547,-13.67755474,,
195.7,189.9038332,5.796166755,,
192.3,190.351147,1.948852999,,
195.2,197.1590347,-1.959034659,,
201.2,199.2510262,1.948973816,,
196.5,196.9890532,-0.489053238,,
180.4,186.4292474,-6.029247434,,
175.8,184.5001824,-8.700182378,,
190,188.0485249,1.951475141,,
187.4,189.3546176,-1.954617552,,
188.3,186.3426427,1.957357299,,
188.4,186.4422121,1.957787909,,
190.3,192.2484614,-1.948461381,,
182.3,194.4403873,-12.14038731,,
176.5,189.2851476,-12.78514765,,
197.1,195.1562137,1.943786319,,
192.1,190.1458545,1.954145499,,
178.5,183.7202022,-5.220202243,,
170.7,170.0895456,0.610454436,,
171.5,173.7454617,-2.245461658,,
160.1,176.794972,-16.69497201,,
160.7,177.9570264,-17.25702637,,
173.4,176.3885161,-2.98851609,,
173.5,174.358731,-0.858731018,,
180.4,178.4464432,1.95355685,,
184.4,183.148161,1.251839015,,
186.6,190.4840763,-3.884076313,,
169.5,181.6631412,-12.16314124,,
160,174.1139458,-14.1139458,,
175.5,176.1387565,-0.638756484,,
179.9,180.5316845,-0.631684538,,
182.6,181.4745348,1.125465208,,
183.3,182.3129735,0.987026456,,
179.2,180.80728,-1.607280003,,
169.5,182.3469014,-12.84690136,,
168.9,182.7208505,-13.82085052,,
181,182.1796418,-1.179641833,,
187.5,185.5495324,1.950467616,,
182.1,182.9240309,-0.824030918,,
182.9,180.9501934,1.949806642,,
180.3,181.2303263,-0.930326288,,
164.7,174.2887357,-9.588735669,,
158,173.3894201,-15.38942012,,
171.4,173.5575526,-2.15755257,,
172.9,172.7765404,0.123459576,,
180.3,183.0246461,-2.724646105,,
192.2,190.9317043,1.26829574,,
183.6,184.9323794,-1.332379365,,
171.7,179.3540389,-7.654038926,,
166.4,174.9218665,-8.521866516,,
177.1,177.1823945,-0.082394453,,
178.3,177.4626111,0.837388888,,
178.6,179.6713666,-1.071366584,,
176.4,173.4774159,2.922584077,,
160.2,173.3554526,-13.15545256,,
160.7,174.1310648,-13.43106482,,
155.6,173.570732,-17.97073203,,
157.1,172.1446826,-15.04468262,,
173.2,172.9040207,0.295979321,,
168.7,168.2796755,0.420324472,,
174.7,180.7222407,-6.022240721,,
181.6,186.9985811,-5.398581144,,
167.3,177.5593098,-10.25930976,,
161.9,177.2930031,-15.39300306,,
164.8,181.1755936,-16.37559362,,
182,183.94971,-1.949710032,,
186.7,184.2730432,2.426956839,,
186,184.0457659,1.95423409,,
180.1,175.8244363,4.275563711,,
179.5,186.3860289,-6.886028887,,
167,177.4626145,-10.46261453,,
177.1,179.6950409,-2.595040885,,
178.7,176.7523561,1.947643931,,
181.1,176.5166551,4.58334492,,
182.8,180.7961698,2.00383017,,
185.4,186.2047392,-0.804739229,,
184.2,191.1971292,-6.997129156,,
176.6,186.9615557,-10.36155569,,
194.9,194.1839006,0.716099377,,
198.3,186.2296441,12.07035595,,
204.3,193.4662244,10.83377561,,
202.3,191.7342476,10.56575238,,
191.5,189.5518722,1.948127752,,
183.9,176.772457,7.127542999,,
176.8,182.1871681,-5.387168054,,
181.9,179.7416015,2.158398472,,
185.7,188.8641226,-3.164122624,,
193.5,194.2603457,-0.760345706,,
200.7,198.4111542,2.288845798,,
214.7,211.7084961,2.991503942,,
199.2,201.1480111,-1.948011131,,
196.1,199.3350122,-3.235012152,,
204.4,202.8913245,1.508675509,,
203.4,199.7781289,3.62187112,,
199.2,194.2204954,4.979504578,,
194.1,189.8291229,4.270877099,,
193.1,188.4755183,4.624481651,,
188.8,190.0733844,-1.273384426,,
196.7,204.407162,-7.707162022,,
227.3,225.1397918,2.160208162,,
228.5,214.5771141,13.92288589,,
232.2,225.2645661,6.935433901,,
226.5,216.0068333,10.49316674,,
233.7,226.3969151,7.303084882,,
211.6,210.8114082,0.788591823,,
210,211.3705476,-1.37054763,,
223.9,215.6228157,8.277184339,,
230.7,218.1929061,12.50709391,,
232,222.2827694,9.717230646,,
234.8,220.8785267,13.92147333,,
225.2,214.0153814,11.18461861,,
213.5,215.9473461,-2.447346111,,
208.1,217.3574421,-9.257442081,,
204.3,215.1515371,-10.85153713,,
228.3,214.9677087,13.33229131,,
224.4,207.2800954,17.11990459,,
213.7,206.7377351,6.962264906,,
210.9,208.2931731,2.606826912,,
198.9,213.151628,-14.25162795,,
199.5,209.3272312,-9.827231219,,
211.6,207.712665,3.887335034,,
217,207.4561706,9.543829361,,
216,211.049232,4.950767974,,
222.8,210.0187192,12.78128079,,
220.5,213.7220007,6.77799927,,
200.2,205.7101164,-5.510116449,,
198.3,208.9258984,-10.62589841,,
221.4,222.7104763,-1.310476285,,
229.5,225.841156,3.65884405,,
223.3,215.4781913,7.821808736,,
218.9,217.0880274,1.811972571,,
235.7,237.6468302,-1.946830175,,
219.1,219.0365409,0.063459051,,
209.9,207.9423472,1.957652807,,
221.2,219.2429744,1.957025613,,
224.2,222.2435502,1.956449837,,
215.2,213.9080563,1.291943694,,
206.9,208.8463557,-1.946355712,,
217.4,222.3437487,-4.943748661,,
204,218.732426,-14.73242597,,
214.7,219.9969543,-5.296954347,,
219.7,216.314126,3.38587402,,
222.5,216.1857962,6.314203814,,
228.7,227.4293778,1.270622231,,
231,226.6016988,4.398301223,,
229.5,215.3320119,14.16798809,,
229.6,225.0198674,4.580132563,,
207,208.2282407,-1.228240706,,
217.7,219.1712809,-1.471280922,,
236.4,233.2572447,3.142755338,,
231.1,221.310105,9.789894975,,
230.8,220.5773489,10.22265115,,
224.8,209.7022583,15.0977417,,
212,211.1970476,0.802952365,,
198.1,202.7672627,-4.667262706,,
213.7,203.4554872,10.24451282,,
219.7,204.3496413,15.35035869,,
220.5,212.1484066,8.3515934,,
214.9,207.7967396,7.103260429,,
218,212.5596483,5.440351702,,
212.8,213.2248242,-0.424824214,,
215,218.0229856,-3.022985604,,
209.6,203.6418744,5.958125634,,
210.8,203.6859819,7.11401806,,
203.8,198.760892,5.03910799,,
205,201.6782099,3.321790059,,
193.3,189.7353529,3.564647145,,
182.8,204.9587223,-22.15872228,,
188.2,209.2703197,-21.07031965,,
207.3,207.653123,-0.353122971,,
218.4,212.7733116,5.626688351,,
211.3,206.7279761,4.572023923,,
221.5,215.7270228,5.772977158,,
218.6,216.6340812,1.965918798,,
195,199.9686178,-4.968617826,,
195.5,207.0456833,-11.54568328,,
211.2,212.6571628,-1.457162788,,
207.6,201.4519499,6.148050084,,
205.1,196.3489115,8.751088511,,
207.7,202.2148674,5.485132557,,
205.7,206.1503012,-0.450301202,,
195.7,205.8123716,-10.11237159,,
184.1,195.468243,-11.368243,,
198,190.675739,7.324260992,,
216.9,205.0818044,11.81819562,,
211.9,190.9474201,20.95257989,,
211.8,205.0042748,6.795725229,,
205.7,201.5217042,4.178295761,,
191.6,194.9243886,-3.324388644,,
179.4,184.9849192,-5.584919242,,
196.9,193.1432512,3.756748779,,
188.9,179.8363758,9.063624226,,
188.2,191.2214504,-3.02145045,,
184.6,184.0766936,0.523306354,,
200.2,202.645245,-2.445245039,,
204.3,209.3025055,-5.002505501,,
189.9,191.850502,-1.950501985,,
198,189.5075387,8.492461272,,
201.4,194.2310571,7.168942854,,
192.5,187.212884,5.287116034,,
191.8,184.6876028,7.112397205,,
193.2,187.9345845,5.265415451,,
176.6,180.2407657,-3.640765681,,
167.5,176.52022,-9.020220005,,
185.5,182.9570602,2.54293978,,
192.7,189.0089633,3.69103666,,
192.3,183.1371573,9.162842732,,
205.7,199.3185991,6.38140086,,
183.3,181.7908346,1.509165352,,
174.7,178.3353516,-3.635351612,,
168.5,172.5053743,-4.00537431,,
180.5,176.0636684,4.43633161,,
180.1,174.316748,5.783252019,,
187.1,186.349651,0.750348989,,
179.2,186.476447,-7.27644696,,
181,182.0645989,-1.064598858,,
173.3,178.5827693,-5.282769339,,
160.7,166.5517812,-5.851781232,,
181.2,184.7162802,-3.516280156,,
182.5,177.5488662,4.951133768,,
179.8,174.8710132,4.928986801,,
182.2,177.4643546,4.735645365,,
185.2,179.1980906,6.001909401,,
175.8,177.7440141,-1.944014079,,
162.8,172.9228072,-10.12280724,,
159.3,169.894366,-10.59436605,,
171.8,171.6437727,0.15622729,,
197.7,195.7494597,1.95054027,,
195,196.2977269,-1.297726936,,
187.9,185.3416574,2.558342584,,
176.6,176.5869921,0.01300794,,
171.8,173.7553758,-1.955375802,,
185.1,178.7071001,6.392899939,,
182.8,179.2578883,3.542111747,,
177.4,177.556244,-0.156244031,,
178.9,176.7761712,2.123828844,,
172.7,169.5426413,3.157358702,,
156.2,159.7179779,-3.517977916,,
154.4,164.5234005,-10.12340047,,
175.2,173.3515587,1.848441277,,
174.9,174.6588739,0.241126103,,
171.6,169.9896913,1.610308729,,
181.7,172.8518666,8.848133417,,
178.8,174.1335968,4.6664032,,
165.4,170.6468926,-5.246892608,,
166.6,172.0294658,-5.429465834,,
182.4,182.0280196,0.371980379,,
173.9,175.8520682,-1.952068209,,
171.6,171.8025411,-0.202541085,,
171.3,171.2277249,0.072275109,,
160.9,158.8688089,2.031191109,,
148.6,162.0111191,-13.41111914,,
146.6,160.4704002,-13.87040015,,
178.8,175.8223191,2.977680927,,
173.9,162.6761985,11.22380151,,
168,165.0571099,2.942890059,,
168.6,166.1618909,2.438109081,,
169.3,167.7553881,1.544611889,,
154.3,162.196881,-7.896880991,,
147.2,162.1033866,-14.90338657,,
163.4,165.351816,-1.951816004,,
163.2,163.2109063,-0.010906281,,
161.5,162.4568511,-0.956851142,,
162.3,161.851732,0.448267988,,
166.7,169.3339071,-2.633907055,,
156.8,171.5180516,-14.71805158,,
163.5,175.4437847,-11.94378467,,
165,173.693805,-8.693805002,,
166.7,165.9653325,0.734667464,,
168.8,166.8555762,1.944423782,,
160,160.7431747,-0.743174729,,
161.8,159.54367,2.256329997,,
152.5,164.8751762,-12.37517617,,
152.9,162.9580918,-10.05809176,,
163.5,161.7988054,1.701194612,,
162.7,167.3539988,-4.653998817,,
162.3,169.7818203,-7.48182032,,
161.4,163.9749219,-2.574921925,,
165.1,164.1441589,0.955841062,,
152.7,160.5458148,-7.845814754,,
160.2,177.4096534,-17.20965342,,
169.1,167.151685,1.948314975,,
163.2,162.856166,0.343833973,,
171,169.0450146,1.954985395,,
172.9,168.2891906,4.610809384,,
169.4,165.463536,3.936463973,,
157.2,160.9823653,-3.782365328,,
155.3,165.8281101,-10.52811012,,
179.7,181.5789195,-1.878919454,,
171.5,159.158486,12.34151403,,
175.1,177.1784792,-2.078479186,,
166.9,164.9500524,1.949947566,,
162,162.1299871,-0.129987063,,
156.3,165.0071753,-8.707175339,,
160.8,179.158301,-18.358301,,
181.5,177.8292292,3.670770812,,
164.6,166.5528269,-1.952826922,,
165.8,164.9581996,0.841800358,,
162.8,169.0994902,-6.299490153,,
163.9,163.1595761,0.740423939,,
158.9,164.9859304,-6.085930373,,
157.4,160.3999465,-2.999946542,,
165.1,162.6301694,2.469830636,,
166.1,163.9496261,2.150373855,,
162.1,162.9671903,-0.867190285,,
171.6,168.9966034,2.603396631,,
169.7,174.553237,-4.853237039,,
169,181.7159759,-12.71597588,,
154.8,179.5198275,-24.71982749,,
162.6,189.2704963,-26.67049631,,
166.5,174.9857796,-8.485779614,,
176.6,175.8396687,0.760331338,,
171.3,171.6443126,-0.344312618,,
166.4,173.4043792,-7.004379166,,
160.5,175.2060944,-14.70609435,,
157.6,179.9617309,-22.3617309,,
159.6,177.1519322,-17.5519322,,
178.9,184.1592485,-5.259248522,,
179.5,188.429868,-8.929868,,
167.4,165.4479188,1.952081165,,
168.2,165.7959905,2.404009511,,
159,172.247896,-13.24789599,,
148.6,158.4980379,-9.898037871,,
166.3,168.2435556,-1.943555581,,
172.5,165.7881943,6.711805695,,
177.6,187.2260712,-9.626071187,,
181.9,184.2203141,-2.320314067,,
183.6,184.4703096,-0.870309627,,
171.7,183.7165993,-12.01659934,,
175.2,188.932859,-13.73285905,,
189.6,182.6408132,6.959186787,,
190.8,184.6790947,6.12090526,,
199.6,200.5861576,-0.986157569,,
183.9,176.9566804,6.943319629,,
174.2,172.247589,1.952410965,,
159.3,170.4955541,-11.19555405,,
164.6,177.6382571,-13.03825711,,
174,173.1113078,0.888692175,,
183.6,182.6846863,0.915313686,,
191.2,185.3609825,5.839017474,,
190.3,216.2825875,-25.98258754,,
196,190.4009175,5.599082461,,
200.7,220.1038986,-19.40389855,,
201.2,214.0316697,-12.83166968,,
201,196.9358533,4.064146747,,
190.8,182.4934391,8.306560937,,
186.7,177.9785355,8.721464549,,
205.3,200.2517702,5.048229784,,
189.2,179.5887512,9.611248798,,
160.9,175.9304218,-15.03042179,,
161.7,177.8848121,-16.18481207,,
193.6,188.4064663,5.193533716,,
198.2,193.2342221,4.965777944,,
192.9,185.4984169,7.401583128,,
190.1,188.775657,1.324342971,,
188,189.9523255,-1.952325456,,
193.2,213.1596755,-19.95967548,,
176.5,179.2962353,-2.7962353,,
181.7,179.2417346,2.45826537,,
181,177.102146,3.897854044,,
179.4,180.30544,-0.905439967,,
188.8,188.0979764,0.702023616,,
199.8,199.0892542,0.710745816,,
194.7,211.2294503,-16.52945031,,
180.7,184.0993518,-3.399351775,,
209.6,212.0262643,-2.426264264,,
203.8,202.9714762,0.828523819,,
187.2,189.1447013,-1.944701295,,
179,174.1090468,4.890953185,,
177.9,175.8867336,2.013266378,,
167.1,179.3944338,-12.29443376,,
177.8,196.3672583,-18.56725831,,
192.8,186.0300292,6.76997084,,
193.7,186.1494309,7.550569136,,
191.3,191.7740401,-0.474040103,,
189.8,183.8464213,5.953578706,,
186.4,184.5555837,1.844416266,,
173.5,180.7913862,-7.291386158,,
175.6,189.9680306,-14.36803064,,
218.3,216.3499421,1.950057854,,
211.2,200.1901054,11.00989456,,
186.4,188.2412399,-1.841239913,,
177,178.6384213,-1.638421325,,
179.4,178.7860653,0.613934684,,
178.8,190.7690806,-11.96908062,,
175.1,184.408435,-9.308435037,,
183,179.6267449,3.373255088,,
184.4,183.449547,0.950453009,,
187.1,189.0528728,-1.95287278,,
210,212.1770841,-2.17708412,,
200.8,191.3493228,9.450677229,,
194.4,200.3201568,-5.920156791,,
201.9,214.9916612,-13.09166124,,
194.8,186.9590333,7.840966665,,
182,177.4398826,4.560117388,,
181.8,179.5595537,2.240446265,,
186.4,186.0327245,0.367275502,,
181.1,176.044685,5.055314989,,
175.3,183.6665678,-8.366567794,,
165.8,176.9164091,-11.11640912,,
185.9,188.0033821,-2.103382076,,
187.7,186.5688682,1.131131821,,
183.6,183.035142,0.564857959,,
169.4,168.8909063,0.509093686,,
168.6,170.5461521,-1.946152148,,
162.7,176.6265673,-13.92656735,,
166.1,179.6216697,-13.5216697,,
174,174.8173241,-0.817324053,,
173.4,172.7530385,0.646961457,,
172.8,173.4612154,-0.661215387,,
175.5,177.8367338,-2.336733768,,
164.1,178.457094,-14.357094,,
157.4,166.0102086,-8.610208572,,
149.3,168.8466627,-19.54666272,,
155.4,170.6524391,-15.25243908,,
170,172.1559152,-2.155915199,,
179,180.4777233,-1.477723294,,
177.1,177.0167473,0.08325275,,
176.4,177.9049117,-1.504911674,,
158.5,171.4790589,-12.97905892,,
165.2,180.9393588,-15.73935879,,
171,177.3577535,-6.357753506,,
175.3,178.0293486,-2.72934856,,
173,173.892575,-0.892575042,,
185.2,186.9771836,-1.777183563,,
175.7,177.6852181,-1.985218132,,
172.1,183.2525471,-11.15254705,,
167,178.7134907,-11.71349069,,
175.1,177.737835,-2.637834968,,
162.7,174.1475284,-11.44752837,,
177.1,178.9731649,-1.873164877,,
175.1,174.5734712,0.526528798,,
176.3,172.30315,3.996849963,,
178.4,186.1787698,-7.778769763,,
170.7,192.4491997,-21.74919973,,
181,183.3181265,-2.318126516,,
183.3,183.6542148,-0.354214754,,
181.4,180.3733707,1.026629252,,
180,184.198359,-4.198359035,,
182.2,183.3479897,-1.147989678,,
173.4,184.4645106,-11.06451059,,
192.2,209.1157029,-16.91570291,,
201.6,199.64353,1.956469972,,
200.4,193.4829956,6.917004395,,
194.4,187.8983781,6.501621853,,
191.7,187.0470025,4.652997536,,
188.2,183.094765,5.105234998,,
182.4,188.7982062,-6.398206221,,
175.5,188.0038484,-12.50384843,,
192.3,188.961992,3.338008034,,
194.3,186.8074161,7.492583924,,
200.4,202.0118055,-1.611805547,,
203.9,202.1743432,1.725656776,,
203.3,196.848863,6.451136991,,
196.2,199.9575985,-3.757598457,,
190.2,200.6811509,-10.48115095,,
206,196.3114022,9.6885978,,
207.5,197.1835263,10.3164737,,
208.4,194.3443041,14.05569594,,
212,205.6881712,6.311828845,,
216.5,214.5547815,1.945218506,,
203.7,204.0738701,-0.373870137,,
211.7,212.5109185,-0.81091852,,
208.3,197.5127087,10.78729126,,
207.9,197.8420972,10.05790279,,
208.5,198.3265962,10.17340378,,
206.9,197.5924881,9.307511868,,
196.5,192.3620581,4.137941949,,
182.5,184.4502029,-1.950202897,,
186.8,201.0775271,-14.27752711,,
199.4,204.010764,-4.610764028,,
202.1,197.7370176,4.362982443,,
194.7,193.1578737,1.542126264,,
210.5,206.9044729,3.595527077,,
203.5,203.8243838,-0.324383824,,
195.3,206.9751097,-11.67510972,,
191.6,207.3555894,-15.75558938,,
198,206.728646,-8.728645972,,
208.6,201.8850578,6.714942175,,
212.1,211.4413947,0.658605313,,
216.2,212.3194844,3.880515597,,
212.6,207.1118749,5.488125129,,
201.2,206.421305,-5.221304953,,
202.4,210.575161,-8.175160965,,
225.9,220.0346089,5.865391071,,
230.1,225.8372463,4.262753707,,
233.2,220.10845,13.09155001,,
237.9,231.434481,6.465518958,,
214.9,206.7631182,8.136881845,,
201.7,209.2117229,-7.51172287,,
197.5,210.4695237,-12.96952374,,
209.2,215.6759803,-6.475980262,,
213.9,216.9464273,-3.046427275,,
233.6,242.578104,-8.978104043,,
223.4,221.9304076,1.469592364,,
222.1,217.1608024,4.939197597,,
204,214.7261702,-10.72617025,,
197.7,214.9149703,-17.21497034,,
212.8,216.925007,-4.12500705,,
219,216.9220779,2.077922149,,
199.3,198.2867419,1.013258071,,
207,215.4101202,-8.410120174,,
205.1,213.0799992,-7.979999207,,
195,214.0811192,-19.08111919,,
186.1,214.2653257,-28.16532574,,
200.7,209.9122475,-9.212247455,,
207.4,209.3513416,-1.951341587,,
204.9,206.7190549,-1.819054936,,
204.8,204.3117025,0.488297548,,
201.7,202.4681231,-0.76812307,,
184.3,198.5774217,-14.27742166,,
186.4,212.0201957,-25.62019573,,
199,203.4320265,-4.432026457,,
201.9,200.8157475,1.084252491,,
208,217.2568197,-9.256819743,,
220,213.6352233,6.364776687,,
217.3,216.2664376,1.033562428,,
201.1,216.4622321,-15.36223214,,
198.4,212.6735697,-14.27356973,,
210.6,208.642642,1.95735804,,
209.1,205.6317081,3.4682919,,
204.9,200.3054715,4.594528509,,
204.8,201.4643974,3.335602565,,
200.8,198.8223177,1.977682287,,
180.7,195.6398578,-14.93985782,,
172.4,184.7822802,-12.38228021,,
185.7,194.9323676,-9.23236757,,
191.7,199.874397,-8.174397015,,
202.6,205.1943616,-2.594361583,,
196.4,191.4540099,4.945990071,,
192.4,189.4970661,2.902933932,,
189.6,214.8489212,-25.2489212,,
189.2,209.8601306,-20.66013065,,
204.9,212.0453606,-7.145360631,,
199.9,198.5325873,1.36741274,,
196.8,193.3254508,3.474549237,,
197,195.350574,1.649426002,,
194.5,200.1499196,-5.649919629,,
186.3,199.5285782,-13.22857825,,
188.3,209.5904605,-21.29046046,,
208.9,210.1536296,-1.253629615,,
203.9,202.911255,0.988745049,,
202.1,200.5187736,1.581226367,,
198.2,193.5304162,4.669583797,,
198.2,195.4430556,2.75694443,,
188.6,202.2617545,-13.66175447,,
173.5,188.4475536,-14.9475536,,
185.5,188.465458,-2.965458034,,
187.4,185.6429637,1.757036321,,
189.3,196.8373207,-7.537320656,,
191.3,193.253444,-1.953443961,,
187.2,185.196324,2.00367603,,
174,188.4752662,-14.47526623,,
168.4,184.7630888,-16.36308877,,
182,185.4873983,-3.487398273,,
181.2,178.0172931,3.182706884,,
183.9,178.7233508,5.176649212,,
184.5,184.8221693,-0.322169253,,
185.7,191.2654608,-5.565460785,,
173.5,187.6247057,-14.1247057,,
166.9,185.2614871,-18.3614871,,
180.7,179.7259886,0.974011359,,
173.1,174.6314318,-1.531431782,,
176.3,178.2472112,-1.947211171,,
175.9,170.1793845,5.720615546,,
187.3,195.5698624,-8.269862446,,
170.9,182.1552207,-11.25522069,,
167.8,183.1072296,-15.30722958,,
181.8,179.3771572,2.422842827,,
182.6,182.3779907,0.222009298,,
173.8,171.294425,2.505574959,,
171,167.6720279,3.327972064,,
168.5,166.8828337,1.617166339,,
159,171.8405153,-12.84051531,,
155.2,172.1200699,-16.92006994,,
174.1,176.0456695,-1.94566953,,
179.2,179.3872215,-0.187221491,,
183.2,176.0076551,7.192344875,,
167.9,171.8022003,-3.902200345,,
168.7,175.8311744,-7.131174415,,
160.6,178.7855223,-18.18552231,,
151.4,176.4891263,-25.08912631,,
160.3,165.3796692,-5.079669182,,
167.4,176.1180203,-8.718020312,,
168.1,169.9026374,-1.802637448,,
171.2,176.0405784,-4.840578394,,
166.1,168.0544112,-1.954411249,,
157.3,168.8278819,-11.52788194,,
163.2,188.5760049,-25.3760049,,
152.8,166.1831673,-13.38316728,,
179.4,182.86471,-3.464709953,,
183.3,181.3479557,1.952044267,,
162,163.9518239,-1.951823867,,
164,176.939044,-12.93904396,,
152.5,166.4191829,-13.91918294,,
147.1,166.5928931,-19.49289313,,
157.3,162.8710168,-5.571016831,,
161.9,169.4681466,-7.568146626,,
160.9,167.3090712,-6.409071153,,
170,178.3702363,-8.370236263,,
160.5,159.494824,1.005176031,,
154,166.2840498,-12.28404979,,
149.9,162.3522374,-12.45223736,,
168.6,170.4474812,-1.847481221,,
168.5,172.216668,-3.716667957,,
164.5,165.4832497,-0.983249651,,
164,169.2445389,-5.244538938,,
161.5,167.469214,-5.96921403,,
156.6,173.9994043,-17.39940428,,
153.9,171.4506553,-17.55065525,,
159.6,167.9713974,-8.371397366,,
170.4,177.1230118,-6.723011797,,
164.8,162.886707,1.913293035,,
176.7,179.3725641,-2.672564089,,
170.9,166.8430424,4.056957642,,
155.3,163.6063592,-8.306359152,,
147.2,166.0430732,-18.84307322,,
170.7,183.594873,-12.89487304,,
167.4,171.4665311,-4.066531137,,
162.7,163.7720147,-1.072014705,,
164,163.2246131,0.775386917,,
168.8,169.975942,-1.175942001,,
164.2,170.4486567,-6.248656657,,
164,184.3946425,-20.39464245,,
167,166.1430714,0.856928576,,
162.8,165.3706146,-2.570614646,,
168.7,172.5949513,-3.894951344,,
175,173.048094,1.951905984,,
171.8,169.8492521,1.950747881,,
169.2,185.4768105,-16.27681046,,
163.1,173.8984268,-10.79842677,,
167.9,167.9430059,-0.043005937,,
170.9,171.3441473,-0.444147291,,
176.5,174.6062236,1.893776374,,
177.7,174.4770961,3.222903923,,
167.1,163.1964516,3.90354837,,
152.1,164.0758656,-11.97586563,,
150.7,173.2591453,-22.55914531,,
180.8,177.1611664,3.638833554,,
174.7,171.7320856,2.967914403,,
175.7,171.6326298,4.067370182,,
176.9,171.1070067,5.792993349,,
181.1,175.5242034,5.575796558,,
170.1,177.2300108,-7.130010824,,
162.2,185.2813719,-23.08137188,,
177.1,175.1494304,1.950569629,,
188.6,180.9040892,7.695910774,,
182.4,180.6747725,1.725227465,,
176.1,173.5755841,2.524415925,,
175.6,170.8306778,4.76932225,,
168.2,173.2666139,-5.066613936,,
155.3,163.933478,-8.63347802,,
168.5,168.8515577,-0.35155774,,
186.4,188.3493266,-1.949326572,,
183.8,168.6146037,15.1853963,,
189.7,186.0581328,3.641867242,,
215.1,210.0456078,5.054392239,,
223.9,225.8601916,-1.960191598,,
186.9,187.2030569,-0.303056892,,
203,191.2640078,11.73599217,,
201.8,189.0427092,12.75729076,,
206.1,195.09507,11.00492998,,
228.1,220.6932443,7.406755731,,
195.2,172.2204123,22.97958773,,
183.8,191.4620842,-7.662084193,,
169.4,174.5679778,-5.16797782,,
203.4,193.4622462,9.937753805,,
219.6,216.7306094,2.869390552,,
189.2,185.8649003,3.335099705,,
172.9,170.9561659,1.943834105,,
156.4,161.6748181,-5.274818134,,
152.8,166.4771902,-13.67719017,,
157.9,170.7957678,-12.89576784,,
149.9,170.0068472,-20.10684722,,
158.2,186.5928399,-28.39283988,,
161.2,173.717265,-12.517265,,
164.8,167.8836581,-3.083658149,,
172.5,180.0030268,-7.503026829,,
150,164.9646991,-14.96469907,,
157.1,165.3644137,-8.264413708,,
157.8,185.6765171,-27.87651705,,
172.1,186.1179911,-14.01799114,,
180.9,193.326593,-12.42659301,,
184.6,198.8196479,-14.21964793,,
166.5,172.0453766,-5.545376621,,
156.9,168.6335333,-11.73353329,,
159.5,179.2066083,-19.7066083,,
187.6,193.8873439,-6.287343901,,
183.4,182.1550787,1.244921273,,
194.3,199.4228826,-5.122882559,,
207.5,209.7326395,-2.232639526,,
199.9,201.8532009,-1.953200938,,
191.5,213.0917428,-21.59174283,,
178.6,185.6216848,-7.021684776,,
183.5,181.54258,1.957419962,,
183.1,182.562659,0.537341015,,
193.7,197.7804729,-4.080472924,,
196,194.0452464,1.954753642,,
173.4,176.1188517,-2.718851656,,
175.4,187.3853198,-11.98531975,,
201.3,232.0706362,-30.7706362,,
188.4,181.8699389,6.530061093,,
189.7,181.7056782,7.994321781,,
201.1,199.4669653,1.633034731,,
224.4,223.7913852,0.608614839,,
207.1,226.4312731,-19.33127312,,
178.2,187.1688745,-8.968874489,,
170.9,184.0714996,-13.17149955,,
207.6,206.6560578,0.943942225,,
211.9,197.9697774,13.93022261,,
201.5,194.5521349,6.947865083,,
198.8,196.0274808,2.772519161,,
203.8,208.5666884,-4.766688377,,
186.6,189.2061417,-2.606141737,,
207.8,221.522898,-13.72289804,,
240.8,217.6666692,23.13333075,,
200.3,197.4097986,2.890201413,,
176.6,173.6114106,2.988589427,,
175.6,176.8804592,-1.280459163,,
173.7,180.4123418,-6.712341783,,
166.4,175.6821788,-9.282178817,,
163.1,177.7361346,-14.63613462,,
191.4,192.6287166,-1.228716567,,
206.1,217.7864305,-11.68643054,,
195.7,198.8275678,-3.127567782,,
185.2,181.8372299,3.362770113,,
193.7,191.5376248,2.162375175,,
191.8,215.5877198,-23.78771978,,
188.4,208.9096911,-20.5096911,,
194.4,193.920162,0.479837953,,
186.4,184.0606171,2.339382909,,
188.3,186.621209,1.678790979,,
204.5,214.061139,-9.561139024,,
223.5,225.4586173,-1.958617251,,
180.5,181.5482486,-1.04824865,,
167.5,180.7403797,-13.24037972,,
189.9,193.4124605,-3.512460479,,
195.6,187.585716,8.01428405,,
207.6,204.2283246,3.371675439,,
240.2,234.3347363,5.865263745,,
217.9,203.516557,14.38344302,,
191.2,198.5338515,-7.333851543,,
176.3,195.106552,-18.80655196,,
177.8,174.772213,3.027786966,,
174.8,177.1867656,-2.386765595,,
186.9,188.1494581,-1.249458125,,
194.4,194.4978241,-0.09782409,,
196.8,198.5042739,-1.704273854,,
182.6,193.2044391,-10.60443906,,
178.2,194.6348369,-16.43483689,,
192.5,192.3720008,0.127999226,,
195.6,198.7627025,-3.162702476,,
195,189.7186925,5.281307514,,
199,199.2228884,-0.222888363,,
180.7,173.4570615,7.242938456,,
166,175.5418886,-9.541888572,,
169.1,182.1070684,-13.00706837,,
180.5,178.9167976,1.583202447,,
185.7,187.8719062,-2.171906197,,
188.1,192.0619746,-3.961974555,,
166,165.5961594,0.40384057,,
169.4,175.1065271,-5.706527071,,
160.9,175.6582247,-14.75822467,,
158.5,176.5793874,-18.07938736,,
171.8,179.991386,-8.191386035,,
178.1,176.1546915,1.945308534,,
178.3,176.4269263,1.873073737,,
179.1,178.7653184,0.334681585,,
160.5,176.7426072,-16.24260718,,
158.2,176.9485755,-18.74857546,,
155.1,177.1894505,-22.08945051,,
