Coefficient of Determination, C Value, Gamma Value
0.6864856253423108,0.1,0.1
0.708459355371713,0.2,0.1
0.716119795209293,0.3,0.1
0.7231753259947808,0.4,0.1
0.726395096557001,0.5,0.1
0.7289012029856293,0.6,0.1
0.7320259616036124,0.7,0.1
0.7337270663358759,0.8,0.1
0.735377883248727,0.9,0.1
0.7379304509491205,1.0,0.1
0.7406091521157661,1.1,0.1
0.742090336982403,1.2,0.1
0.7430482803692402,1.3,0.1
0.7435160794122596,1.4,0.1
0.7445857441435019,1.5,0.1
0.7467953307115227,1.6,0.1
0.7479228184318958,1.7,0.1
0.7484276839758803,1.8,0.1
0.7492190404449454,1.9,0.1
0.7500369970957763,2.0,0.1
0.7506159097178953,2.1,0.1
0.7509821569629322,2.2,0.1
0.7513189735587729,2.3,0.1
0.7520318382871768,2.4,0.1
0.7522127801477149,2.5,0.1
0.7525513476681152,2.6,0.1
0.7531410728087157,2.7,0.1
0.7540593328108188,2.8,0.1
0.7543911865755568,2.9,0.1
0.7548187554594632,3.0,0.1
0.7552600463442607,3.1,0.1
0.7555013402021462,3.2,0.1
0.7558500425563444,3.3,0.1
0.7562331689303332,3.4,0.1
0.7566175452528322,3.5,0.1
0.7567474805284358,3.6,0.1
0.7566167527716172,3.7,0.1
0.7565109384664852,3.8,0.1
0.7564273702809482,3.9,0.1
0.7565388252384919,4.0,0.1
0.7566615517779728,4.1,0.1
0.7566928787272751,4.2,0.1
0.7566737388171657,4.3,0.1
0.7567514075986447,4.4,0.1
0.7569768164255817,4.5,0.1
0.7570942260795973,4.6,0.1
0.7570472647064422,4.7,0.1
0.7570475388266825,4.8,0.1
0.7571485332447971,4.9,0.1
0.7573738329000324,5.0,0.1
0.6851322685625292,0.1,0.2
0.712731884607237,0.2,0.2
0.7251262207540434,0.3,0.2
0.7344249258005902,0.4,0.2
0.7403530417902542,0.5,0.2
0.7431989155486496,0.6,0.2
0.7459430846097077,0.7,0.2
0.7489721054363012,0.8,0.2
0.7505898362151875,0.9,0.2
0.7516484339903448,1.0,0.2
0.7526860532989924,1.1,0.2
0.7541941678306149,1.2,0.2
0.7555017759204785,1.3,0.2
0.756594297320786,1.4,0.2
0.7578053664751807,1.5,0.2
0.7590151026722393,1.6,0.2
0.7604185200412178,1.7,0.2
0.7614704962898468,1.8,0.2
0.7617845359188915,1.9,0.2
0.7618576774950946,2.0,0.2
0.7620722434538979,2.1,0.2
0.7621857576142983,2.2,0.2
0.762518490482687,2.3,0.2
0.762819932526771,2.4,0.2
0.7632620007493007,2.5,0.2
0.7635900442070194,2.6,0.2
0.7636955881599745,2.7,0.2
0.7638022537445089,2.8,0.2
0.7639101118616558,2.9,0.2
0.764006225933658,3.0,0.2
0.7639918724145431,3.1,0.2
0.7640204349205052,3.2,0.2
0.7639211543489073,3.3,0.2
0.7637484717176076,3.4,0.2
0.7635247069265265,3.5,0.2
0.7635648100989896,3.6,0.2
0.763737825206026,3.7,0.2
0.7636500978395011,3.8,0.2
0.763349952188769,3.9,0.2
0.7630947024589929,4.0,0.2
0.76310539850787,4.1,0.2
0.7632897518199054,4.2,0.2
0.7636795223997737,4.3,0.2
0.7639449067266469,4.4,0.2
0.7641220851354598,4.5,0.2
0.764164145180589,4.6,0.2
0.7643103631882131,4.7,0.2
0.7644162393215366,4.8,0.2
0.7645411499062735,4.9,0.2
0.7646614698637049,5.0,0.2
0.6818865262553628,0.1,0.3
0.7102012072498227,0.2,0.3
0.7267789294633553,0.3,0.3
0.7358128020433282,0.4,0.3
0.742616040112752,0.5,0.3
0.7472599731534346,0.6,0.3
0.751110294971753,0.7,0.3
0.7529470259538211,0.8,0.3
0.7551050260835369,0.9,0.3
0.7563668992730893,1.0,0.3
0.7576251538698737,1.1,0.3
0.7585969127650638,1.2,0.3
0.7591377906132859,1.3,0.3
0.7598118334954206,1.4,0.3
0.7604223493197367,1.5,0.3
0.7605759116843853,1.6,0.3
0.7607257928793173,1.7,0.3
0.7606593369256159,1.8,0.3
0.7606034438154351,1.9,0.3
0.7605392355562992,2.0,0.3
0.7606482524267562,2.1,0.3
0.760551585814467,2.2,0.3
0.7600460662260309,2.3,0.3
0.7596264412610514,2.4,0.3
0.7589944491583428,2.5,0.3
0.7586241544483363,2.6,0.3
0.7589963630986184,2.7,0.3
0.7593115588848944,2.8,0.3
0.759715417406891,2.9,0.3
0.7602055856528613,3.0,0.3
0.7605747639908562,3.1,0.3
0.7608001872307744,3.2,0.3
0.7609823464937878,3.3,0.3
0.7611726550323336,3.4,0.3
0.7613818838146708,3.5,0.3
0.7615327401770422,3.6,0.3
0.7616132485435796,3.7,0.3
0.7615328126892327,3.8,0.3
0.7615321663117212,3.9,0.3
0.7615386674797159,4.0,0.3
0.761594432196748,4.1,0.3
0.7616695599791928,4.2,0.3
0.7618616708793251,4.3,0.3
0.7619783627818155,4.4,0.3
0.7619894685607718,4.5,0.3
0.7621122134555454,4.6,0.3
0.7621779229205534,4.7,0.3
0.7620867013121961,4.8,0.3
0.7620558340811399,4.9,0.3
0.7618822325054361,5.0,0.3
0.6773407268650021,0.1,0.4
0.7068351406678085,0.2,0.4
0.7237213940638035,0.3,0.4
0.7358199300540665,0.4,0.4
0.7419175701901436,0.5,0.4
0.746376459857654,0.6,0.4
0.7503989040894228,0.7,0.4
0.7507150687098354,0.8,0.4
0.7521187518854417,0.9,0.4
0.7535361033070394,1.0,0.4
0.7547047455729766,1.1,0.4
0.7555982906742921,1.2,0.4
0.7558838382456321,1.3,0.4
0.7558558765210517,1.4,0.4
0.7557847081295761,1.5,0.4
0.7561077460169484,1.6,0.4
0.7564333688194435,1.7,0.4
0.756753233357835,1.8,0.4
0.756686297947619,1.9,0.4
0.7565828917553569,2.0,0.4
0.7564987808581365,2.1,0.4
0.7564177247625591,2.2,0.4
0.7562302541473311,2.3,0.4
0.7561536201369022,2.4,0.4
0.7561815395158101,2.5,0.4
0.7562430484905492,2.6,0.4
0.7562402924431153,2.7,0.4
0.7560310334308964,2.8,0.4
0.7556332497052148,2.9,0.4
0.7549925140646485,3.0,0.4
0.7545016027024982,3.1,0.4
0.7542151580539616,3.2,0.4
0.7538771675740661,3.3,0.4
0.7534687277288756,3.4,0.4
0.7530666272020886,3.5,0.4
0.7527045911956609,3.6,0.4
0.752426941974986,3.7,0.4
0.7520622853990054,3.8,0.4
0.7517398419654902,3.9,0.4
0.751081069264273,4.0,0.4
0.750400138807167,4.1,0.4
0.7498585808021558,4.2,0.4
0.7492104378179136,4.3,0.4
0.7484553970440015,4.4,0.4
0.7478156983328437,4.5,0.4
0.7472969024574635,4.6,0.4
0.7467366696194441,4.7,0.4
0.7463146419707141,4.8,0.4
0.7459006487377258,4.9,0.4
0.7454442690815497,5.0,0.4
0.6740351804587935,0.1,0.5
0.7022839767894535,0.2,0.5
0.7184349746970908,0.3,0.5
0.7294104808306002,0.4,0.5
0.7362453220411087,0.5,0.5
0.7429949365436412,0.6,0.5
0.7448987607751325,0.7,0.5
0.7466142255805751,0.8,0.5
0.7479201101951813,0.9,0.5
0.7493507105588161,1.0,0.5
0.750673226730197,1.1,0.5
0.750893863322717,1.2,0.5
0.7508680293660785,1.3,0.5
0.7504544058591642,1.4,0.5
0.750353411102931,1.5,0.5
0.7502554058196585,1.6,0.5
0.7500330060797809,1.7,0.5
0.7500436478547534,1.8,0.5
0.749863013757887,1.9,0.5
0.7496364287449819,2.0,0.5
0.7492716420201715,2.1,0.5
0.74843148810084,2.2,0.5
0.7475908880373249,2.3,0.5
0.7466750526136272,2.4,0.5
0.7456566639881821,2.5,0.5
0.744961126582764,2.6,0.5
0.744132885646239,2.7,0.5
0.7432254523631495,2.8,0.5
0.7424828938772305,2.9,0.5
0.7422642421387484,3.0,0.5
0.7421453878769468,3.1,0.5
0.7420230575450513,3.2,0.5
0.7416955821730331,3.3,0.5
0.7413875471451559,3.4,0.5
0.7409473009300486,3.5,0.5
0.7404712525080063,3.6,0.5
0.7399133477168829,3.7,0.5
0.7394600787144829,3.8,0.5
0.7390979052437624,3.9,0.5
0.7388521709563063,4.0,0.5
0.7385037702079716,4.1,0.5
0.7383972535155168,4.2,0.5
0.738204829102998,4.3,0.5
0.7380570093199128,4.4,0.5
0.7377236068797179,4.5,0.5
0.7374112031007105,4.6,0.5
0.7371415825144823,4.7,0.5
0.7369337193764112,4.8,0.5
0.7367117579871734,4.9,0.5
0.7365746451319962,5.0,0.5
0.6677771021558397,0.1,0.6
0.6949132830557885,0.2,0.6
0.7118248505083995,0.3,0.6
0.7225667152862282,0.4,0.6
0.7314650200048851,0.5,0.6
0.7379197900082078,0.6,0.6
0.7398971652442642,0.7,0.6
0.7415429168462341,0.8,0.6
0.7431524975575611,0.9,0.6
0.7456670101457226,1.0,0.6
0.7462684394231791,1.1,0.6
0.7458285611722126,1.2,0.6
0.7454086893823314,1.3,0.6
0.7451518736694585,1.4,0.6
0.7447143353257307,1.5,0.6
0.7439102150904509,1.6,0.6
0.7426958285237658,1.7,0.6
0.7415030728691742,1.8,0.6
0.7404561634812303,1.9,0.6
0.7394686976062999,2.0,0.6
0.7387183281609209,2.1,0.6
0.7382290072893909,2.2,0.6
0.7377803344307226,2.3,0.6
0.7374116382667564,2.4,0.6
0.7371077592750185,2.5,0.6
0.7367938772007353,2.6,0.6
0.7366358213223967,2.7,0.6
0.7361978588542577,2.8,0.6
0.7357745676428242,2.9,0.6
0.7356641415142366,3.0,0.6
0.7355536865843388,3.1,0.6
0.735398194211929,3.2,0.6
0.7353211511377994,3.3,0.6
0.7352060955476261,3.4,0.6
0.7351336491525151,3.5,0.6
0.7352609876063155,3.6,0.6
0.7352420551299073,3.7,0.6
0.7351575345426663,3.8,0.6
0.7351470680333432,3.9,0.6
0.7349364436550628,4.0,0.6
0.7348030095707463,4.1,0.6
0.7344412652581124,4.2,0.6
0.7341544025653683,4.3,0.6
0.73392837109844,4.4,0.6
0.7337292380959519,4.5,0.6
0.7334758759917628,4.6,0.6
0.7331558138047899,4.7,0.6
0.7329373175231595,4.8,0.6
0.7327470427900686,4.9,0.6
0.7325937049769536,5.0,0.6
0.6600647973468515,0.1,0.7
0.6907653470778634,0.2,0.7
0.7055255202882499,0.3,0.7
0.7167571164377313,0.4,0.7
0.7253506518659091,0.5,0.7
0.7334470601005373,0.6,0.7
0.7358084024716887,0.7,0.7
0.7369193234415263,0.8,0.7
0.7391376114570536,0.9,0.7
0.7412510511231215,1.0,0.7
0.7414600421070426,1.1,0.7
0.7410179414173705,1.2,0.7
0.7390895083073905,1.3,0.7
0.7376946719852833,1.4,0.7
0.7367626213607695,1.5,0.7
0.735625264494085,1.6,0.7
0.7350697849798378,1.7,0.7
0.7345810322166477,1.8,0.7
0.7341918810659378,1.9,0.7
0.7335047521600693,2.0,0.7
0.7330645039903889,2.1,0.7
0.7327132839130791,2.2,0.7
0.7325419905015859,2.3,0.7
0.7323810118418111,2.4,0.7
0.7325115682613055,2.5,0.7
0.7326266339540499,2.6,0.7
0.7328203191644508,2.7,0.7
0.7330655267545914,2.8,0.7
0.733348013934094,2.9,0.7
0.7336424619471776,3.0,0.7
0.7336823590993593,3.1,0.7
0.7334281808993582,3.2,0.7
0.7332838051247299,3.3,0.7
0.7330545284711099,3.4,0.7
0.7328184960051781,3.5,0.7
0.7326686833937799,3.6,0.7
0.7325424066180549,3.7,0.7
0.7323050465451082,3.8,0.7
0.7320434979613466,3.9,0.7
0.7317493357102676,4.0,0.7
0.7314541430173177,4.1,0.7
0.731129674174678,4.2,0.7
0.730823172020067,4.3,0.7
0.7303890614517318,4.4,0.7
0.7299819319277974,4.5,0.7
0.7294687724637172,4.6,0.7
0.7287951218263742,4.7,0.7
0.7279762465003383,4.8,0.7
0.727264378871165,4.9,0.7
0.7265314738531602,5.0,0.7
0.6529484598392756,0.1,0.8
0.6867721757597568,0.2,0.8
0.7012052205485423,0.3,0.8
0.7111378108085784,0.4,0.8
0.7206501637133029,0.5,0.8
0.7289564083891837,0.6,0.8
0.7310068368743039,0.7,0.8
0.7329211698084194,0.8,0.8
0.7355742954364106,0.9,0.8
0.7370105609084736,1.0,0.8
0.7365286119032146,1.1,0.8
0.7354962346568468,1.2,0.8
0.7345573368460793,1.3,0.8
0.7337704280750893,1.4,0.8
0.7330284259268858,1.5,0.8
0.7324783258876033,1.6,0.8
0.7323603278920879,1.7,0.8
0.7324875482896286,1.8,0.8
0.7323590383840456,1.9,0.8
0.7321699780219768,2.0,0.8
0.7322193827417307,2.1,0.8
0.7324337756034036,2.2,0.8
0.73247164121538,2.3,0.8
0.7320539374543895,2.4,0.8
0.7319085695743879,2.5,0.8
0.7318178530612124,2.6,0.8
0.7314945817850265,2.7,0.8
0.7312912683472087,2.8,0.8
0.7310532767741986,2.9,0.8
0.7307029940929436,3.0,0.8
0.7302166787144772,3.1,0.8
0.7296290276759961,3.2,0.8
0.7290960664969456,3.3,0.8
0.7284070818237819,3.4,0.8
0.7275817554682731,3.5,0.8
0.7267606743030779,3.6,0.8
0.7257933908086194,3.7,0.8
0.7248250608261865,3.8,0.8
0.7238663685868671,3.9,0.8
0.722995034212512,4.0,0.8
0.7222424927403713,4.1,0.8
0.7215435666694148,4.2,0.8
0.7209179656886517,4.3,0.8
0.7202992412775635,4.4,0.8
0.7195682013146555,4.5,0.8
0.7188599514413896,4.6,0.8
0.7181842429734652,4.7,0.8
0.7175499927064836,4.8,0.8
0.7169455982866163,4.9,0.8
0.7161700308997295,5.0,0.8
0.6469680234023081,0.1,0.9
0.6805429915748695,0.2,0.9
0.696395603467244,0.3,0.9
0.7070741538035286,0.4,0.9
0.715611917712928,0.5,0.9
0.7243252886124925,0.6,0.9
0.7281107798505431,0.7,0.9
0.7303370023438193,0.8,0.9
0.7317195923032607,0.9,0.9
0.7321496175640295,1.0,0.9
0.7322013753541002,1.1,0.9
0.7316389809838793,1.2,0.9
0.7315685618845007,1.3,0.9
0.7315454421136367,1.4,0.9
0.7315764556915723,1.5,0.9
0.7316797088536169,1.6,0.9
0.7314050621169612,1.7,0.9
0.7308757924334983,1.8,0.9
0.7303943062255567,1.9,0.9
0.729929696455128,2.0,0.9
0.7291081742517488,2.1,0.9
0.7283676152664301,2.2,0.9
0.727513912733006,2.3,0.9
0.7264412374721093,2.4,0.9
0.7258573299304023,2.5,0.9
0.7255233035612199,2.6,0.9
0.7251318082338711,2.7,0.9
0.7245292111879216,2.8,0.9
0.7234640176130147,2.9,0.9
0.7224155076499722,3.0,0.9
0.7213244473760307,3.1,0.9
0.7204253265702493,3.2,0.9
0.7195084380472532,3.3,0.9
0.7186681033590057,3.4,0.9
0.7178147814154382,3.5,0.9
0.7169981412899699,3.6,0.9
0.7162741350105248,3.7,0.9
0.7156531551240994,3.8,0.9
0.7150867371678903,3.9,0.9
0.7144790103249883,4.0,0.9
0.7138885095660559,4.1,0.9
0.7132259502718451,4.2,0.9
0.7125401737597615,4.3,0.9
0.7119616073669577,4.4,0.9
0.7114563291547924,4.5,0.9
0.7108404202198958,4.6,0.9
0.7100201854013781,4.7,0.9
0.7090867060753114,4.8,0.9
0.7081018614635107,4.9,0.9
0.7071592153382765,5.0,0.9
0.6401972618802281,0.1,1.0
0.6756333848526265,0.2,1.0
0.6910111957072868,0.3,1.0
0.7030989840411581,0.4,1.0
0.711011694332544,0.5,1.0
0.7207765807010903,0.6,1.0
0.7255424285684944,0.7,1.0
0.7263346012258839,0.8,1.0
0.7261995097563102,0.9,1.0
0.7270069223618896,1.0,1.0
0.7292820587859494,1.1,1.0
0.729775469194537,1.2,1.0
0.7302019375569258,1.3,1.0
0.7295736798912383,1.4,1.0
0.7287961833479174,1.5,1.0
0.7281530603327324,1.6,1.0
0.7272196662835441,1.7,1.0
0.7262431275955835,1.8,1.0
0.7252170078647304,1.9,1.0
0.7242489528608089,2.0,1.0
0.7235522930026784,2.1,1.0
0.7228843133005366,2.2,1.0
0.7219975754551267,2.3,1.0
0.7209436559955191,2.4,1.0
0.7201516405629051,2.5,1.0
0.7194218867106154,2.6,1.0
0.718724023895859,2.7,1.0
0.7179759877049299,2.8,1.0
0.7173047889513047,2.9,1.0
0.7165391086361104,3.0,1.0
0.7158234841897535,3.1,1.0
0.7149358778250621,3.2,1.0
0.7142062292904632,3.3,1.0
0.7134884435327249,3.4,1.0
0.7127477274423096,3.5,1.0
0.7117911113228802,3.6,1.0
0.7106725305318249,3.7,1.0
0.709592264703562,3.8,1.0
0.7084593470960386,3.9,1.0
0.7072214166247561,4.0,1.0
0.7059812564123679,4.1,1.0
0.7047236932185691,4.2,1.0
0.7035617363003994,4.3,1.0
0.7024847320009022,4.4,1.0
0.7016558959213423,4.5,1.0
0.7009816315986732,4.6,1.0
0.7003731361088283,4.7,1.0
0.6996923424566999,4.8,1.0
0.6990774101328255,4.9,1.0
0.6983950294212702,5.0,1.0
0.6339121807082738,0.1,1.1
0.670430982476136,0.2,1.1
0.6858203307156852,0.3,1.1
0.6990306623165835,0.4,1.1
0.7080512282338984,0.5,1.1
0.7175906046583584,0.6,1.1
0.7216037631619115,0.7,1.1
0.7213219317802937,0.8,1.1
0.7228403997581709,0.9,1.1
0.7243248810005367,1.0,1.1
0.7273056849773296,1.1,1.1
0.727288979276768,1.2,1.1
0.7270261773699923,1.3,1.1
0.7264269324208799,1.4,1.1
0.725297944328378,1.5,1.1
0.7242659412069418,1.6,1.1
0.7232279959757015,1.7,1.1
0.7223443622227366,1.8,1.1
0.7216908402393989,1.9,1.1
0.7209890388450136,2.0,1.1
0.7205320041355883,2.1,1.1
0.7200409696691071,2.2,1.1
0.7192813658611289,2.3,1.1
0.7183210395052657,2.4,1.1
0.7172956419493207,2.5,1.1
0.7161443309158175,2.6,1.1
0.7147133137990064,2.7,1.1
0.7133659591008696,2.8,1.1
0.7121330323099455,2.9,1.1
0.7110425716912316,3.0,1.1
0.7097442597768578,3.1,1.1
0.7083549126996469,3.2,1.1
0.706904194432761,3.3,1.1
0.7054018969868161,3.4,1.1
0.7040333974489879,3.5,1.1
0.702719401245774,3.6,1.1
0.701751741004772,3.7,1.1
0.7009920618694142,3.8,1.1
0.7002990229608341,3.9,1.1
0.6996554022542276,4.0,1.1
0.6991253678900516,4.1,1.1
0.6986151138023334,4.2,1.1
0.6980326983010566,4.3,1.1
0.6974663870920589,4.4,1.1
0.6968715645525569,4.5,1.1
0.6962799669204385,4.6,1.1
0.6956117524720692,4.7,1.1
0.6948790793177754,4.8,1.1
0.6941915429092311,4.9,1.1
0.693592484478776,5.0,1.1
0.6275416753552878,0.1,1.2
0.6642336778511554,0.2,1.2
0.6804391111264354,0.3,1.2
0.6949529644956932,0.4,1.2
0.705015012062262,0.5,1.2
0.71436624560323,0.6,1.2
0.7177544393855416,0.7,1.2
0.7192856403911786,0.8,1.2
0.7211524716512115,0.9,1.2
0.7214228375660726,1.0,1.2
0.7231928998250129,1.1,1.2
0.7250715279907382,1.2,1.2
0.7244603627659532,1.3,1.2
0.7237319546252857,1.4,1.2
0.7222870633907104,1.5,1.2
0.7215628803697586,1.6,1.2
0.7211162328427163,1.7,1.2
0.7204951438319535,1.8,1.2
0.7197313259921575,1.9,1.2
0.7185864338294734,2.0,1.2
0.7174414662048458,2.1,1.2
0.7159118628057739,2.2,1.2
0.7144350753012052,2.3,1.2
0.7130883502909817,2.4,1.2
0.7116484205478975,2.5,1.2
0.7099921353061092,2.6,1.2
0.7082540153189236,2.7,1.2
0.7065051180426475,2.8,1.2
0.705010700590723,2.9,1.2
0.7034155517534868,3.0,1.2
0.7020472460404199,3.1,1.2
0.7008322518233161,3.2,1.2
0.7000213401427977,3.3,1.2
0.6991901423848241,3.4,1.2
0.6984914508936939,3.5,1.2
0.6977266482441694,3.6,1.2
0.6971643135606669,3.7,1.2
0.6963865416064983,3.8,1.2
0.6956715468626914,3.9,1.2
0.6948449638098346,4.0,1.2
0.6940236421170367,4.1,1.2
0.6929262143460061,4.2,1.2
0.6919164204861146,4.3,1.2
0.6909223878899079,4.4,1.2
0.6898668567070572,4.5,1.2
0.6889384198798749,4.6,1.2
0.6878798093818312,4.7,1.2
0.6868313325718444,4.8,1.2
0.6857990723304115,4.9,1.2
0.6849028580433887,5.0,1.2
0.6221746407878708,0.1,1.3
0.6568566272999786,0.2,1.3
0.6752932902514988,0.3,1.3
0.6900112365370216,0.4,1.3
0.7020187657117276,0.5,1.3
0.7108352542224866,0.6,1.3
0.7153846576177458,0.7,1.3
0.7164781064076302,0.8,1.3
0.7176357819024591,0.9,1.3
0.7190834720126429,1.0,1.3
0.7203599770817991,1.1,1.3
0.7222658588535706,1.2,1.3
0.7210540891681556,1.3,1.3
0.7200866706203884,1.4,1.3
0.7192891573512588,1.5,1.3
0.7185762567700923,1.6,1.3
0.7173080821086538,1.7,1.3
0.7158234393484891,1.8,1.3
0.7142819292837046,1.9,1.3
0.7130690776097799,2.0,1.3
0.7116913224946831,2.1,1.3
0.7102837254078898,2.2,1.3
0.7086712321971755,2.3,1.3
0.7068292563149373,2.4,1.3
0.7046534149490634,2.5,1.3
0.7026502776891707,2.6,1.3
0.7011533169829369,2.7,1.3
0.6998453498586137,2.8,1.3
0.6987403476082318,2.9,1.3
0.6978141220080852,3.0,1.3
0.6968279422736181,3.1,1.3
0.6958478872308254,3.2,1.3
0.6947081023644832,3.3,1.3
0.6934874049689251,3.4,1.3
0.692247137600932,3.5,1.3
0.69098336744106,3.6,1.3
0.6897311159204049,3.7,1.3
0.6885047412347528,3.8,1.3
0.6874392243264683,3.9,1.3
0.6863486377659619,4.0,1.3
0.6853857800475234,4.1,1.3
0.6843147015899645,4.2,1.3
0.6830843194184737,4.3,1.3
0.6817816607939078,4.4,1.3
0.680414551024807,4.5,1.3
0.6792392347932881,4.6,1.3
0.6779863176801161,4.7,1.3
0.6767547734181288,4.8,1.3
0.6755598380376691,4.9,1.3
0.6744146296397744,5.0,1.3
0.6155413469392433,0.1,1.4
0.6509450403841543,0.2,1.4
0.6704355729803879,0.3,1.4
0.6853658245457865,0.4,1.4
0.69870178133727,0.5,1.4
0.7075865103294261,0.6,1.4
0.7116813183508341,0.7,1.4
0.7133430874593947,0.8,1.4
0.7154272147709833,0.9,1.4
0.7163997616284413,1.0,1.4
0.716678145188268,1.1,1.4
0.7177104488428945,1.2,1.4
0.7169836109997251,1.3,1.4
0.7160017731097564,1.4,1.4
0.7147270369173859,1.5,1.4
0.7136707767763336,1.6,1.4
0.712541333487748,1.7,1.4
0.7111350890279353,1.8,1.4
0.7095101207676061,1.9,1.4
0.7077988277612551,2.0,1.4
0.7059772968116251,2.1,1.4
0.7042152182967036,2.2,1.4
0.7027028627200869,2.3,1.4
0.7009509414573583,2.4,1.4
0.6991533871600359,2.5,1.4
0.6971141807691579,2.6,1.4
0.6956724884151824,2.7,1.4
0.6942531550524889,2.8,1.4
0.6928894422089943,2.9,1.4
0.6915312802152257,3.0,1.4
0.6902513039689359,3.1,1.4
0.6888681367386822,3.2,1.4
0.6875461288086016,3.3,1.4
0.6862897762338991,3.4,1.4
0.6851049299037741,3.5,1.4
0.6839533588714921,3.6,1.4
0.6824567266068992,3.7,1.4
0.6810389905421729,3.8,1.4
0.6794620036908738,3.9,1.4
0.6780500669301521,4.0,1.4
0.6766226672368515,4.1,1.4
0.6752345702051019,4.2,1.4
0.6738551219097721,4.3,1.4
0.6724231111711865,4.4,1.4
0.6709827230394713,4.5,1.4
0.6695109303553861,4.6,1.4
0.6680729281405552,4.7,1.4
0.666681095053688,4.8,1.4
0.6652361553441786,4.9,1.4
0.6637866918016354,5.0,1.4
0.6083860093654434,0.1,1.5
0.6454876689845868,0.2,1.5
0.6652346069318391,0.3,1.5
0.6812999957793394,0.4,1.5
0.6955800070401597,0.5,1.5
0.7033077155008847,0.6,1.5
0.70843617460182,0.7,1.5
0.7115332399104007,0.8,1.5
0.7128012006024049,0.9,1.5
0.7133429491615304,1.0,1.5
0.7127508436537815,1.1,1.5
0.7126652453908333,1.2,1.5
0.711662528298935,1.3,1.5
0.7102846358225521,1.4,1.5
0.7099647411704214,1.5,1.5
0.7089695734775514,1.6,1.5
0.7075471420898887,1.7,1.5
0.7061705240673763,1.8,1.5
0.7046836381360627,1.9,1.5
0.7031634213092637,2.0,1.5
0.7013249768303079,2.1,1.5
0.6993939188603338,2.2,1.5
0.6973704581315235,2.3,1.5
0.6954366559560228,2.4,1.5
0.6932862447505483,2.5,1.5
0.6915744469950211,2.6,1.5
0.6900664424512232,2.7,1.5
0.6886644123637913,2.8,1.5
0.6873050946904433,2.9,1.5
0.6859394198432851,3.0,1.5
0.6841971247782459,3.1,1.5
0.682701331449817,3.2,1.5
0.6811114956584855,3.3,1.5
0.6792624370543187,3.4,1.5
0.6774982430114995,3.5,1.5
0.6757460697626507,3.6,1.5
0.6740770507610059,3.7,1.5
0.672379883880652,3.8,1.5
0.6707623721604276,3.9,1.5
0.6691309204870656,4.0,1.5
0.6675022508340324,4.1,1.5
0.6659720928656782,4.2,1.5
0.6646468837181743,4.3,1.5
0.6632030003155381,4.4,1.5
0.6617352866426571,4.5,1.5
0.660365980329897,4.6,1.5
0.6590271309702755,4.7,1.5
0.6577465612801612,4.8,1.5
0.6564362352992233,4.9,1.5
0.6550782007772096,5.0,1.5
0.6026262131506765,0.1,1.6
0.640256975935542,0.2,1.6
0.6600342390944044,0.3,1.6
0.6778133279194425,0.4,1.6
0.690995468306363,0.5,1.6
0.6994342741439968,0.6,1.6
0.7054364210274815,0.7,1.6
0.7086300707263108,0.8,1.6
0.7095881404489258,0.9,1.6
0.7092852273252784,1.0,1.6
0.7086866388758505,1.1,1.6
0.7081409975981705,1.2,1.6
0.7069166262990427,1.3,1.6
0.7061689634868227,1.4,1.6
0.7051070569586587,1.5,1.6
0.7039871312254073,1.6,1.6
0.7028195920586899,1.7,1.6
0.701550498766623,1.8,1.6
0.7001134488613365,1.9,1.6
0.6981527493456933,2.0,1.6
0.6961410170960359,2.1,1.6
0.6944594989144792,2.2,1.6
0.6925521636308406,2.3,1.6
0.6904740493346464,2.4,1.6
0.6886491818442131,2.5,1.6
0.6868944556443434,2.6,1.6
0.6849976747405713,2.7,1.6
0.6830573653827647,2.8,1.6
0.6811792795835377,2.9,1.6
0.6790891574914141,3.0,1.6
0.6769689505842316,3.1,1.6
0.6749302244040386,3.2,1.6
0.6730273335520296,3.3,1.6
0.6711077733448594,3.4,1.6
0.6694427304012011,3.5,1.6
0.6677896961162113,3.6,1.6
0.6662205132436589,3.7,1.6
0.6645727084978578,3.8,1.6
0.6631498529801139,3.9,1.6
0.6616569823916634,4.0,1.6
0.6599708487313114,4.1,1.6
0.6583786874190317,4.2,1.6
0.6566993872267972,4.3,1.6
0.6549707751952389,4.4,1.6
0.6532369229134716,4.5,1.6
0.6515869201485054,4.6,1.6
0.6498351382812826,4.7,1.6
0.6483056767178577,4.8,1.6
0.6469675126493843,4.9,1.6
0.6456219849550084,5.0,1.6
0.5964976893104681,0.1,1.7
0.6351480678609762,0.2,1.7
0.6552828292577908,0.3,1.7
0.6739477377823808,0.4,1.7
0.6865639385154263,0.5,1.7
0.6956552413632713,0.6,1.7
0.7022613108357328,0.7,1.7
0.705417341468312,0.8,1.7
0.7059748570510618,0.9,1.7
0.7057005025466574,1.0,1.7
0.7047792443635037,1.1,1.7
0.7042631120701728,1.2,1.7
0.7030890274390064,1.3,1.7
0.7020029189111173,1.4,1.7
0.7007542458865117,1.5,1.7
0.6994380758660258,1.6,1.7
0.6983953775972735,1.7,1.7
0.6973905770181975,1.8,1.7
0.6956419418705811,1.9,1.7
0.6942209175037038,2.0,1.7
0.6921520266606027,2.1,1.7
0.6896462871732325,2.2,1.7
0.6870835255482348,2.3,1.7
0.6846185833356345,2.4,1.7
0.6826287150501784,2.5,1.7
0.6804314647497016,2.6,1.7
0.6780641162699261,2.7,1.7
0.675661383362667,2.8,1.7
0.6733080478551525,2.9,1.7
0.6712603420140333,3.0,1.7
0.6695807827134568,3.1,1.7
0.6678103473628623,3.2,1.7
0.6660628116510374,3.3,1.7
0.6643505709495043,3.4,1.7
0.662523248521136,3.5,1.7
0.6606536625148198,3.6,1.7
0.6588340333483107,3.7,1.7
0.657087784002972,3.8,1.7
0.6553818757104504,3.9,1.7
0.6537019632048755,4.0,1.7
0.6521044338824077,4.1,1.7
0.6505475250777029,4.2,1.7
0.6491207546075941,4.3,1.7
0.6476296818001348,4.4,1.7
0.6462262649999915,4.5,1.7
0.644746934995096,4.6,1.7
0.6432611909571333,4.7,1.7
0.6417915021898449,4.8,1.7
0.6405158697490753,4.9,1.7
0.6393836818125418,5.0,1.7
0.5901378580386292,0.1,1.8
0.6303166356864391,0.2,1.8
0.6507096612284478,0.3,1.8
0.6698261847847256,0.4,1.8
0.6825946010336308,0.5,1.8
0.6919087027526561,0.6,1.8
0.6985415033483562,0.7,1.8
0.702006864479659,0.8,1.8
0.7022957690499455,0.9,1.8
0.70200211953848,1.0,1.8
0.7013576580449807,1.1,1.8
0.7008561522247877,1.2,1.8
0.6992429060113522,1.3,1.8
0.6977488844056705,1.4,1.8
0.6963386949956872,1.5,1.8
0.6950454183389078,1.6,1.8
0.6942838498236519,1.7,1.8
0.6930125840148074,1.8,1.8
0.6909243455539484,1.9,1.8
0.6887124690168803,2.0,1.8
0.6863570840062307,2.1,1.8
0.6836350695954514,2.2,1.8
0.6811401745406097,2.3,1.8
0.6783779857406171,2.4,1.8
0.6756429507960497,2.5,1.8
0.6729870865139893,2.6,1.8
0.6708121096541934,2.7,1.8
0.6687419783020235,2.8,1.8
0.6668002358177438,2.9,1.8
0.6648246470264897,3.0,1.8
0.6629215125933983,3.1,1.8
0.6610916780477545,3.2,1.8
0.6593478102249557,3.3,1.8
0.6575053008582378,3.4,1.8
0.6557645112204056,3.5,1.8
0.6541929139021285,3.6,1.8
0.6526396931286628,3.7,1.8
0.6511089563317161,3.8,1.8
0.6495632992594822,3.9,1.8
0.6479422304172068,4.0,1.8
0.6462445482478496,4.1,1.8
0.6446189935858386,4.2,1.8
0.6429909776125269,4.3,1.8
0.6414897578937109,4.4,1.8
0.639983035504657,4.5,1.8
0.6386573901749846,4.6,1.8
0.6375400472244158,4.7,1.8
0.6364086026245519,4.8,1.8
0.6352526152187454,4.9,1.8
0.6342426967046206,5.0,1.8
0.5834262214878172,0.1,1.9
0.6257671830573295,0.2,1.9
0.6467304302393696,0.3,1.9
0.6649738045179402,0.4,1.9
0.678110421823514,0.5,1.9
0.6876709535527692,0.6,1.9
0.6946474610492712,0.7,1.9
0.6981963244894969,0.8,1.9
0.6984961758629098,0.9,1.9
0.6981609477629607,1.0,1.9
0.6982336689595705,1.1,1.9
0.6973506039663707,1.2,1.9
0.6950983585401707,1.3,1.9
0.6936332119743005,1.4,1.9
0.6920140253207363,1.5,1.9
0.6910168535940742,1.6,1.9
0.6895225522513956,1.7,1.9
0.6880147469607426,1.8,1.9
0.6857442073528683,1.9,1.9
0.6828790675905106,2.0,1.9
0.6797427267833067,2.1,1.9
0.6767416706526423,2.2,1.9
0.6738770129070555,2.3,1.9
0.6713094686250013,2.4,1.9
0.6689452527770285,2.5,1.9
0.6666385758002342,2.6,1.9
0.6643757469966997,2.7,1.9
0.6622008601852966,2.8,1.9
0.6603084907248202,2.9,1.9
0.658700130311267,3.0,1.9
0.6570869074127146,3.1,1.9
0.6554623123392933,3.2,1.9
0.653800665369493,3.3,1.9
0.6521644037754954,3.4,1.9
0.6505233755377396,3.5,1.9
0.6487108928462424,3.6,1.9
0.6469824663819427,3.7,1.9
0.6451855727807625,3.8,1.9
0.6433534715369031,3.9,1.9
0.6417229513022303,4.0,1.9
0.6404239423067606,4.1,1.9
0.6391891314593781,4.2,1.9
0.6379160222116587,4.3,1.9
0.636642253847999,4.4,1.9
0.6355941986171676,4.5,1.9
0.6345200453422807,4.6,1.9
0.6333154439973926,4.7,1.9
0.6322227888936334,4.8,1.9
0.6311272143956927,4.9,1.9
0.629901463435403,5.0,1.9
0.5767100874062708,0.1,2.0
0.6218206390193457,0.2,2.0
0.6426653985924563,0.3,2.0
0.6602046167163151,0.4,2.0
0.6740313414549142,0.5,2.0
0.6834974158797602,0.6,2.0
0.6910506226749176,0.7,2.0
0.6942277712116043,0.8,2.0
0.6948097830641645,0.9,2.0
0.695308624987272,1.0,2.0
0.694713386567224,1.1,2.0
0.6931425303776912,1.2,2.0
0.6910348838368363,1.3,2.0
0.689001342011053,1.4,2.0
0.687213115563212,1.5,2.0
0.6859311426226927,1.6,2.0
0.6844986963711659,1.7,2.0
0.6821598826256381,1.8,2.0
0.6787995466647998,1.9,2.0
0.676108333489966,2.0,2.0
0.6734178151109127,2.1,2.0
0.670785282862528,2.2,2.0
0.6681121658168556,2.3,2.0
0.6652274084550666,2.4,2.0
0.6628396181782986,2.5,2.0
0.6609368015095126,2.6,2.0
0.6591106259567415,2.7,2.0
0.6573761662967109,2.8,2.0
0.6557421391524539,2.9,2.0
0.6539246925934544,3.0,2.0
0.6521328140771914,3.1,2.0
0.650299952543791,3.2,2.0
0.648447363295927,3.3,2.0
0.6467388012437639,3.4,2.0
0.6449275310774968,3.5,2.0
0.6432601380491579,3.6,2.0
0.6416845687165083,3.7,2.0
0.6402214076425061,3.8,2.0
0.6387346114368813,3.9,2.0
0.6374532927672312,4.0,2.0
0.6360189992423264,4.1,2.0
0.6347020808867878,4.2,2.0
0.633535831622803,4.3,2.0
0.6322412710175722,4.4,2.0
0.6309711479569736,4.5,2.0
0.6296377484597417,4.6,2.0
0.6282978216793451,4.7,2.0
0.6269557171932125,4.8,2.0
0.6256153893184956,4.9,2.0
0.6243661497567126,5.0,2.0
0.5712073765905252,0.1,2.1
0.6174607224777158,0.2,2.1
0.638684135700976,0.3,2.1
0.6569221516956925,0.4,2.1
0.6698383312557374,0.5,2.1
0.6798768656887788,0.6,2.1
0.6872313661125312,0.7,2.1
0.6905921536822431,0.8,2.1
0.6913609309542326,0.9,2.1
0.6911199164243906,1.0,2.1
0.690214386170754,1.1,2.1
0.6892340469214864,1.2,2.1
0.6866987279306433,1.3,2.1
0.6842576133825695,1.4,2.1
0.6827743762609827,1.5,2.1
0.6805900120304385,1.6,2.1
0.6782480358326268,1.7,2.1
0.6757238097503444,1.8,2.1
0.6735160455628695,1.9,2.1
0.6708216823125231,2.0,2.1
0.6679062691904482,2.1,2.1
0.6650475030367861,2.2,2.1
0.6625062071270358,2.3,2.1
0.6605779421227805,2.4,2.1
0.6586181484612188,2.5,2.1
0.6566519249034456,2.6,2.1
0.654611180826123,2.7,2.1
0.6528217740191857,2.8,2.1
0.6510636135663977,2.9,2.1
0.6493080928950125,3.0,2.1
0.6472811960394809,3.1,2.1
0.6453021170797976,3.2,2.1
0.6434877994501946,3.3,2.1
0.6418877710290093,3.4,2.1
0.6403683161062907,3.5,2.1
0.6388358740325958,3.6,2.1
0.6373977541335284,3.7,2.1
0.6361158452989673,3.8,2.1
0.6348568494515894,3.9,2.1
0.6335334818747596,4.0,2.1
0.6321015285026894,4.1,2.1
0.6306405964863651,4.2,2.1
0.6291497996975564,4.3,2.1
0.6277043702048306,4.4,2.1
0.6262510285390813,4.5,2.1
0.6250247002336444,4.6,2.1
0.6236967016753115,4.7,2.1
0.6222368838761501,4.8,2.1
0.6209582311770809,4.9,2.1
0.6198081043664024,5.0,2.1
0.5661893244868751,0.1,2.2
0.613116895737049,0.2,2.2
0.6345278017478633,0.3,2.2
0.6531859443460242,0.4,2.2
0.6658777668626976,0.5,2.2
0.6762878055141797,0.6,2.2
0.6832335738065498,0.7,2.2
0.6864797422566556,0.8,2.2
0.6867403943059684,0.9,2.2
0.6869337925318939,1.0,2.2
0.6864071720482587,1.1,2.2
0.6843225856718601,1.2,2.2
0.6818527175188254,1.3,2.2
0.6790021145017846,1.4,2.2
0.6771631437312966,1.5,2.2
0.6748701053937157,1.6,2.2
0.6717894961742187,1.7,2.2
0.6694427362208358,1.8,2.2
0.6669915861283306,1.9,2.2
0.6644822071816079,2.0,2.2
0.6619057817823423,2.1,2.2
0.6597062098545419,2.2,2.2
0.6576830758706056,2.3,2.2
0.6555494196947209,2.4,2.2
0.6534513028674288,2.5,2.2
0.6518123398569544,2.6,2.2
0.650295984081432,2.7,2.2
0.648357984238612,2.8,2.2
0.6462565594829083,2.9,2.2
0.6441693064729211,3.0,2.2
0.6421941022500428,3.1,2.2
0.6406169433711144,3.2,2.2
0.6390869979859528,3.3,2.2
0.6378074453874139,3.4,2.2
0.6365466206840386,3.5,2.2
0.6352263777413556,3.6,2.2
0.6338207342130598,3.7,2.2
0.632196979178903,3.8,2.2
0.6306583099315124,3.9,2.2
0.6289389184391614,4.0,2.2
0.627454809657078,4.1,2.2
0.6259967434703945,4.2,2.2
0.6246718900707752,4.3,2.2
0.623295702096895,4.4,2.2
0.6219737389314276,4.5,2.2
0.620959477076226,4.6,2.2
0.619912089285555,4.7,2.2
0.6188951789862844,4.8,2.2
0.6180349661647018,4.9,2.2
0.6170358012845942,5.0,2.2
0.5614560453752534,0.1,2.3
0.6086169695693188,0.2,2.3
0.6304872872676571,0.3,2.3
0.649706387479386,0.4,2.3
0.6620905917801273,0.5,2.3
0.672383826785281,0.6,2.3
0.6787703151236748,0.7,2.3
0.6818576057079541,0.8,2.3
0.6826044979956791,0.9,2.3
0.682695515209067,1.0,2.3
0.6814113921070871,1.1,2.3
0.6793744695448216,1.2,2.3
0.6768908338287942,1.3,2.3
0.6737856786773914,1.4,2.3
0.6717191767774079,1.5,2.3
0.6685000667257331,1.6,2.3
0.6657123233661033,1.7,2.3
0.6633581247527066,1.8,2.3
0.6611446525762761,1.9,2.3
0.6589505305712099,2.0,2.3
0.6566276759565409,2.1,2.3
0.6543416006077087,2.2,2.3
0.6522280044811136,2.3,2.3
0.6504556443760585,2.4,2.3
0.6486956358613754,2.5,2.3
0.6468073462641782,2.6,2.3
0.6447581382603809,2.7,2.3
0.64290997607678,2.8,2.3
0.6411233985781164,2.9,2.3
0.6397006303892734,3.0,2.3
0.6382899682135731,3.1,2.3
0.6368398050958249,3.2,2.3
0.6352982791630768,3.3,2.3
0.633757509509062,3.4,2.3
0.6320630321643508,3.5,2.3
0.6303480985250023,3.6,2.3
0.6287347634165283,3.7,2.3
0.6273187973862889,3.8,2.3
0.6260955088028337,3.9,2.3
0.6247972574047305,4.0,2.3
0.6235809468198517,4.1,2.3
0.6222579544542376,4.2,2.3
0.6211196766910064,4.3,2.3
0.6201248083090847,4.4,2.3
0.6191501583426618,4.5,2.3
0.6181464281665943,4.6,2.3
0.6171753386649406,4.7,2.3
0.6159172821717172,4.8,2.3
0.6147045197886897,4.9,2.3
0.6134460662211701,5.0,2.3
0.5565903341679646,0.1,2.4
0.6042375499527608,0.2,2.4
0.6268129799692321,0.3,2.4
0.6460187874496645,0.4,2.4
0.657934471395496,0.5,2.4
0.6681048474469226,0.6,2.4
0.6745051274617169,0.7,2.4
0.6774494827299709,0.8,2.4
0.6781463055492183,0.9,2.4
0.6782042795761944,1.0,2.4
0.6765008534001097,1.1,2.4
0.6743073534118994,1.2,2.4
0.6717944474712593,1.3,2.4
0.6687002110613892,1.4,2.4
0.6656082042255261,1.5,2.4
0.6626865618905047,1.6,2.4
0.6601491502668431,1.7,2.4
0.658077248642406,1.8,2.4
0.6559477986397044,1.9,2.4
0.6537955650476446,2.0,2.4
0.6514475950108252,2.1,2.4
0.6494030856309416,2.2,2.4
0.6474022363308973,2.3,2.4
0.6453430219241845,2.4,2.4
0.643350415967842,2.5,2.4
0.6415566413559052,2.6,2.4
0.6399285383608582,2.7,2.4
0.6386081461761622,2.8,2.4
0.6373491396745706,2.9,2.4
0.6357333939745108,3.0,2.4
0.6339014691210605,3.1,2.4
0.6319946989311005,3.2,2.4
0.6303149062114926,3.3,2.4
0.6287702830054008,3.4,2.4
0.6273623120296135,3.5,2.4
0.6260614467358401,3.6,2.4
0.6248311091065444,3.7,2.4
0.6234144760522131,3.8,2.4
0.6219654626652088,3.9,2.4
0.62064434469402,4.0,2.4
0.6196991318534814,4.1,2.4
0.6186976961335744,4.2,2.4
0.6176662795964352,4.3,2.4
0.6164464706164832,4.4,2.4
0.6151675096935725,4.5,2.4
0.6140537925390687,4.6,2.4
0.6129490802686463,4.7,2.4
0.6119144483652765,4.8,2.4
0.6109297600212376,4.9,2.4
0.609856925812994,5.0,2.4
0.5512130930658647,0.1,2.5
0.5994605932424228,0.2,2.5
0.6233625479573451,0.3,2.5
0.642166377856144,0.4,2.5
0.6536407298848829,0.5,2.5
0.663789710151714,0.6,2.5
0.6705509070863194,0.7,2.5
0.6733066265782701,0.8,2.5
0.6740046240665926,0.9,2.5
0.6737905699670854,1.0,2.5
0.6718134914161792,1.1,2.5
0.6694307862358752,1.2,2.5
0.6665601597137119,1.3,2.5
0.6632419212058352,1.4,2.5
0.6601535605317227,1.5,2.5
0.6573834244863291,1.6,2.5
0.6550598263159906,1.7,2.5
0.6530647014589228,1.8,2.5
0.6510625727756153,1.9,2.5
0.648878380206794,2.0,2.5
0.6465728254143297,2.1,2.5
0.6444553276467432,2.2,2.5
0.6423849918547974,2.3,2.5
0.6405514545070754,2.4,2.5
0.6388930559531263,2.5,2.5
0.6375998609214972,2.6,2.5
0.6363152450854873,2.7,2.5
0.634965870109828,2.8,2.5
0.6330404814265189,2.9,2.5
0.6311837998732182,3.0,2.5
0.6294612909196162,3.1,2.5
0.6279447267955001,3.2,2.5
0.6262817296275244,3.3,2.5
0.6248191009472934,3.4,2.5
0.6234290269474653,3.5,2.5
0.6220246114121171,3.6,2.5
0.6205585833662837,3.7,2.5
0.6194899903305509,3.8,2.5
0.6185771185003225,3.9,2.5
0.6175225892802924,4.0,2.5
0.6164973705974893,4.1,2.5
0.6153379874346104,4.2,2.5
0.6142567545356651,4.3,2.5
0.6131787227051013,4.4,2.5
0.6121470255080175,4.5,2.5
0.6109751293999752,4.6,2.5
0.6097538625882543,4.7,2.5
0.6085030206148311,4.8,2.5
0.6072948999014058,4.9,2.5
0.6061785525684352,5.0,2.5
0.5459497055920673,0.1,2.6
0.5948107338597444,0.2,2.6
0.6197338715740826,0.3,2.6
0.6379267376663901,0.4,2.6
0.6493959362005499,0.5,2.6
0.6595035327386957,0.6,2.6
0.6668082243289927,0.7,2.6
0.6692551539549463,0.8,2.6
0.6698734484448194,0.9,2.6
0.6690425826308148,1.0,2.6
0.6671661091149615,1.1,2.6
0.6645925258558191,1.2,2.6
0.6617024163649226,1.3,2.6
0.6582273558688163,1.4,2.6
0.655163327874307,1.5,2.6
0.6526029146515042,1.6,2.6
0.6505151958453574,1.7,2.6
0.6483971700894346,1.8,2.6
0.6462329024487844,1.9,2.6
0.6439860447169532,2.0,2.6
0.6418292159775377,2.1,2.6
0.6398199194117145,2.2,2.6
0.6382407052022732,2.3,2.6
0.6368031312656053,2.4,2.6
0.6353507184005205,2.5,2.6
0.633896181856617,2.6,2.6
0.6323802299204686,2.7,2.6
0.6307206626216952,2.8,2.6
0.6287855865661188,2.9,2.6
0.6271433080115091,3.0,2.6
0.6255146261679074,3.1,2.6
0.62393388655908,3.2,2.6
0.6223283458053447,3.3,2.6
0.6208332915756466,3.4,2.6
0.6195446848070025,3.5,2.6
0.6183302811903254,3.6,2.6
0.617403915129422,3.7,2.6
0.6165870528259689,3.8,2.6
0.6155982159710262,3.9,2.6
0.6144940765154356,4.0,2.6
0.613255144473883,4.1,2.6
0.6119768922504639,4.2,2.6
0.6106848591866225,4.3,2.6
0.609386004820761,4.4,2.6
0.6080152746503524,4.5,2.6
0.6066889837246193,4.6,2.6
0.6054324554235581,4.7,2.6
0.604189717142634,4.8,2.6
0.6028888092374474,4.9,2.6
0.6017016537734066,5.0,2.6
0.5408561330345873,0.1,2.7
0.5904695042194482,0.2,2.7
0.6157531684318314,0.3,2.7
0.6334743124598232,0.4,2.7
0.6452057328376767,0.5,2.7
0.6552946615996081,0.6,2.7
0.6627197329071589,0.7,2.7
0.6651016022378919,0.8,2.7
0.6652910665815044,0.9,2.7
0.6646559148458894,1.0,2.7
0.6624690531494805,1.1,2.7
0.6598787203439307,1.2,2.7
0.6573279209088189,1.3,2.7
0.6541300434308219,1.4,2.7
0.6511187569134852,1.5,2.7
0.6486026861121281,1.6,2.7
0.6461313214609231,1.7,2.7
0.6437111817551132,1.8,2.7
0.641346124705236,1.9,2.7
0.6391284417743229,2.0,2.7
0.6373791234618607,2.1,2.7
0.6359616170800755,2.2,2.7
0.6344150774915447,2.3,2.7
0.6331023958536499,2.4,2.7
0.6317195373252685,2.5,2.7
0.6300665404329591,2.6,2.7
0.62837392727769,2.7,2.7
0.6265880412701896,2.8,2.7
0.6249326941063236,2.9,2.7
0.6231828056121496,3.0,2.7
0.6215659400286924,3.1,2.7
0.6200701430774318,3.2,2.7
0.6187386972326867,3.3,2.7
0.6174866029193744,3.4,2.7
0.6163481193331488,3.5,2.7
0.6153947047934448,3.6,2.7
0.61440420743635,3.7,2.7
0.6131764779856518,3.8,2.7
0.6118680658029602,3.9,2.7
0.6105081010056232,4.0,2.7
0.6091433617919475,4.1,2.7
0.6077096580228096,4.2,2.7
0.6062840638381247,4.3,2.7
0.6049331803178084,4.4,2.7
0.6035366244203568,4.5,2.7
0.602125143657521,4.6,2.7
0.6008321455588244,4.7,2.7
0.599586841184598,4.8,2.7
0.5984545211873074,4.9,2.7
0.5972897255711875,5.0,2.7
0.5355818127502605,0.1,2.8
0.5860661687299076,0.2,2.8
0.6115433658127927,0.3,2.8
0.6288997379362119,0.4,2.8
0.6409228591200318,0.5,2.8
0.6509533209958884,0.6,2.8
0.6582275797007925,0.7,2.8
0.6607081239917207,0.8,2.8
0.6608308009784903,0.9,2.8
0.6602278783892931,1.0,2.8
0.6582029239906542,1.1,2.8
0.6556141877158776,1.2,2.8
0.6530213100673934,1.3,2.8
0.649944855385041,1.4,2.8
0.6474138177229103,1.5,2.8
0.6448598472714874,1.6,2.8
0.6423437898819544,1.7,2.8
0.6398631848181435,1.8,2.8
0.6375103127759579,1.9,2.8
0.6356877508783462,2.0,2.8
0.6342180414372595,2.1,2.8
0.6329971730606527,2.2,2.8
0.6316057596060326,2.3,2.8
0.6300341134746228,2.4,2.8
0.6284380142168146,2.5,2.8
0.6267994434113796,2.6,2.8
0.6250887137477982,2.7,2.8
0.6232809443695598,2.8,2.8
0.6214573388171896,2.9,2.8
0.6198805556895862,3.0,2.8
0.6184366325591254,3.1,2.8
0.6170531890188318,3.2,2.8
0.6158258058786195,3.3,2.8
0.6146662810218253,3.4,2.8
0.6134720553968063,3.5,2.8
0.6121724085027564,3.6,2.8
0.6108213851141815,3.7,2.8
0.6094649555177123,3.8,2.8
0.6079367940159732,3.9,2.8
0.6063929830507484,4.0,2.8
0.6049581559653745,4.1,2.8
0.6035098088115979,4.2,2.8
0.6020255937957089,4.3,2.8
0.6006078192721548,4.4,2.8
0.599210823950285,4.5,2.8
0.5978898672518437,4.6,2.8
0.5965496004679531,4.7,2.8
0.5950937904842954,4.8,2.8
0.5936009015587077,4.9,2.8
0.5920912042821493,5.0,2.8
0.5304503521127879,0.1,2.9
0.5818400534173613,0.2,2.9
0.6071758771684406,0.3,2.9
0.624452120719119,0.4,2.9
0.6364942259533233,0.5,2.9
0.6464061232879352,0.6,2.9
0.6535855697854337,0.7,2.9
0.6565113254232007,0.8,2.9
0.6567323593764034,0.9,2.9
0.6559984503903948,1.0,2.9
0.6539362041432167,1.1,2.9
0.6513439351258543,1.2,2.9
0.6487012981667527,1.3,2.9
0.6461533058259021,1.4,2.9
0.6435467339123242,1.5,2.9
0.6411442698101643,1.6,2.9
0.6383861006190181,1.7,2.9
0.6360608105560559,1.8,2.9
0.6342278689422207,1.9,2.9
0.6331335726969771,2.0,2.9
0.6319433866048267,2.1,2.9
0.6307323816114481,2.2,2.9
0.6292166766038694,2.3,2.9
0.6275566230728544,2.4,2.9
0.6259205384581876,2.5,2.9
0.6241262058115942,2.6,2.9
0.622303219874529,2.7,2.9
0.6206811025348002,2.8,2.9
0.6191385639090794,2.9,2.9
0.617628728409925,3.0,2.9
0.616207550776969,3.1,2.9
0.6148717797406118,3.2,2.9
0.6135223577314645,3.3,2.9
0.6122370014328316,3.4,2.9
0.6108782145943723,3.5,2.9
0.6093073211190752,3.6,2.9
0.607801709650805,3.7,2.9
0.6063442037789673,3.8,2.9
0.6047575767351815,3.9,2.9
0.6031788511543658,4.0,2.9
0.6016060857972783,4.1,2.9
0.6000848727906463,4.2,2.9
0.5984536760136104,4.3,2.9
0.5968406221755215,4.4,2.9
0.5951669645162266,4.5,2.9
0.5935484856830018,4.6,2.9
0.5921081358602427,4.7,2.9
0.5909656505790228,4.8,2.9
0.5898977832646667,4.9,2.9
0.5888411073751431,5.0,2.9
0.5250180178920727,0.1,3.0
0.5775934713340896,0.2,3.0
0.6031300823157342,0.3,3.0
0.6200026133276799,0.4,3.0
0.6319928507244346,0.5,3.0
0.6417280264993104,0.6,3.0
0.6490646214749254,0.7,3.0
0.6525209383058258,0.8,3.0
0.6530852027642942,0.9,3.0
0.651954132676151,1.0,3.0
0.6497680756394547,1.1,3.0
0.6472011505459411,1.2,3.0
0.6448009871479434,1.3,3.0
0.6421879617067543,1.4,3.0
0.6396135776891679,1.5,3.0
0.6372331194560413,1.6,3.0
0.6349019438501093,1.7,3.0
0.6332736888782815,1.8,3.0
0.6321324637622979,1.9,3.0
0.6310360644339672,2.0,3.0
0.6298940987623105,2.1,3.0
0.6284135745609322,2.2,3.0
0.6268206234631026,2.3,3.0
0.6249448990418546,2.4,3.0
0.6231834086463803,2.5,3.0
0.6215584001864665,2.6,3.0
0.6200005783011289,2.7,3.0
0.6184096152220043,2.8,3.0
0.6169048167880884,2.9,3.0
0.6154150787736168,3.0,3.0
0.6139681352372016,3.1,3.0
0.6125649972844374,3.2,3.0
0.6110447225189926,3.3,3.0
0.6093710394576292,3.4,3.0
0.6078490216440344,3.5,3.0
0.6061703972060715,3.6,3.0
0.6044916893181002,3.7,3.0
0.6027619207107329,3.8,3.0
0.6009472722323197,3.9,3.0
0.5993349465883742,4.0,3.0
0.5978194339049673,4.1,3.0
0.5961093003142481,4.2,3.0
0.5943787996562022,4.3,3.0
0.5929109032945888,4.4,3.0
0.5915763638685552,4.5,3.0
0.5902980324860442,4.6,3.0
0.5890246728564819,4.7,3.0
0.5877424140136331,4.8,3.0
0.586620964520773,4.9,3.0
0.5856414713532927,5.0,3.0
0.5193758200459135,0.1,3.1
0.5732454289700233,0.2,3.1
0.5991440969035056,0.3,3.1
0.6155410721623261,0.4,3.1
0.6278946429315884,0.5,3.1
0.6373096907218518,0.6,3.1
0.6445863902157346,0.7,3.1
0.6483954001528719,0.8,3.1
0.6494266084601151,0.9,3.1
0.6481019653947059,1.0,3.1
0.6457375883315893,1.1,3.1
0.6430579068134776,1.2,3.1
0.640654457582751,1.3,3.1
0.6383268950438554,1.4,3.1
0.6359361596134854,1.5,3.1
0.6339465477258044,1.6,3.1
0.6322291299253202,1.7,3.1
0.6309785365853549,1.8,3.1
0.6301505193722113,1.9,3.1
0.6291009837318126,2.0,3.1
0.6276606692019898,2.1,3.1
0.6260806553702861,2.2,3.1
0.624108128516955,2.3,3.1
0.6222641859136422,2.4,3.1
0.6208570955756362,2.5,3.1
0.6192887847669817,2.6,3.1
0.6177157791965964,2.7,3.1
0.6161702873892984,2.8,3.1
0.614559604394874,2.9,3.1
0.6129153931098914,3.0,3.1
0.6112115162127718,3.1,3.1
0.6094431457610539,3.2,3.1
0.6077830016233488,3.3,3.1
0.6059592167682514,3.4,3.1
0.6041208840162039,3.5,3.1
0.6022295533737831,3.6,3.1
0.6005638996004234,3.7,3.1
0.5989574940138784,3.8,3.1
0.5972559067912696,3.9,3.1
0.5955053054952906,4.0,3.1
0.593867392754938,4.1,3.1
0.5925098998472136,4.2,3.1
0.591085789196174,4.3,3.1
0.5896998892746659,4.4,3.1
0.5884166750538553,4.5,3.1
0.5871024649230558,4.6,3.1
0.5858736336087836,4.7,3.1
0.5846467979704587,4.8,3.1
0.5834053954298604,4.9,3.1
0.5821549418017089,5.0,3.1
0.512950751620675,0.1,3.2
0.56875747517525,0.2,3.2
0.5948641948845508,0.3,3.2
0.6111967904961113,0.4,3.2
0.6237436275935342,0.5,3.2
0.6331445416913113,0.6,3.2
0.6402823967068887,0.7,3.2
0.6440170814897217,0.8,3.2
0.6455936103142323,0.9,3.2
0.6440153528463187,1.0,3.2
0.6415994716762975,1.1,3.2
0.6390249480912673,1.2,3.2
0.6367559566406461,1.3,3.2
0.6347873571904894,1.4,3.2
0.6328751328088349,1.5,3.2
0.6312954341356882,1.6,3.2
0.6299121529839217,1.7,3.2
0.6288774119422493,1.8,3.2
0.6279308879943944,1.9,3.2
0.6267215561724999,2.0,3.2
0.6250777108067248,2.1,3.2
0.6230790627552634,2.2,3.2
0.6213352464888839,2.3,3.2
0.6199770818106486,2.4,3.2
0.6184532915605641,2.5,3.2
0.6169511579991733,2.6,3.2
0.6151261384521014,2.7,3.2
0.6133092626174614,2.8,3.2
0.6113610410373593,2.9,3.2
0.6094427721895856,3.0,3.2
0.607651970343968,3.1,3.2
0.6057624513820385,3.2,3.2
0.6038328101985453,3.3,3.2
0.6020946334738069,3.4,3.2
0.6004274648352451,3.5,3.2
0.5986597591921273,3.6,3.2
0.5968384860304456,3.7,3.2
0.5950834121821289,3.8,3.2
0.5934844184402399,3.9,3.2
0.5920279400362531,4.0,3.2
0.5904533738325762,4.1,3.2
0.588976740424053,4.2,3.2
0.5875760280342457,4.3,3.2
0.5862251742996121,4.4,3.2
0.5849000876699137,4.5,3.2
0.5835534114219514,4.6,3.2
0.5821415181124596,4.7,3.2
0.5808137578881836,4.8,3.2
0.5797879899991555,4.9,3.2
0.5786620613602715,5.0,3.2
0.5071572384989851,0.1,3.3
0.5642416327562958,0.2,3.3
0.5903738440100944,0.3,3.3
0.607089624534656,0.4,3.3
0.6193842754231256,0.5,3.3
0.6289404873624653,0.6,3.3
0.6361304518021842,0.7,3.3
0.6397759746116816,0.8,3.3
0.6416911565139162,0.9,3.3
0.6398578974380214,1.0,3.3
0.6375585417742369,1.1,3.3
0.6352725637760105,1.2,3.3
0.6334043077459142,1.3,3.3
0.6316676989305388,1.4,3.3
0.6303000817396789,1.5,3.3
0.6288165479879709,1.6,3.3
0.6277266516022999,1.7,3.3
0.6265587078222186,1.8,3.3
0.6254375756920441,1.9,3.3
0.6238029459103898,2.0,3.3
0.6221215757468328,2.1,3.3
0.6203434443410265,2.2,3.3
0.6188297811730636,2.3,3.3
0.6171616390278647,2.4,3.3
0.6154869303000562,2.5,3.3
0.613533491041534,2.6,3.3
0.611541424798866,2.7,3.3
0.609501769725338,2.8,3.3
0.6076654010272837,2.9,3.3
0.6057131230426871,3.0,3.3
0.603949375069113,3.1,3.3
0.602183437207704,3.2,3.3
0.6003494792989549,3.3,3.3
0.5984091878815293,3.4,3.3
0.5964322892359412,3.5,3.3
0.5946027470104328,3.6,3.3
0.5928770051114759,3.7,3.3
0.5912218705678891,3.8,3.3
0.5897127058042337,3.9,3.3
0.5881296645166127,4.0,3.3
0.5865763255561842,4.1,3.3
0.5852757514748841,4.2,3.3
0.5839435745940609,4.3,3.3
0.5825463221992275,4.4,3.3
0.5812176246073304,4.5,3.3
0.5800412404966229,4.6,3.3
0.5789822362995575,4.7,3.3
0.5779366313615273,4.8,3.3
0.5769232347611997,4.9,3.3
0.5759551207845728,5.0,3.3
0.5021232306429322,0.1,3.4
0.5596431103193306,0.2,3.4
0.5861866773524698,0.3,3.4
0.6031360892483644,0.4,3.4
0.6149263382139595,0.5,3.4
0.6248977343882874,0.6,3.4
0.63248147641576,0.7,3.4
0.6357329872299908,0.8,3.4
0.6376407067696556,0.9,3.4
0.635953738551498,1.0,3.4
0.6336965631547884,1.1,3.4
0.6317802280854381,1.2,3.4
0.6301560199809223,1.3,3.4
0.629004129986575,1.4,3.4
0.627548528541753,1.5,3.4
0.6265242804931985,1.6,3.4
0.6253702543686344,1.7,3.4
0.624000532302279,1.8,3.4
0.6226133005419123,1.9,3.4
0.6210582318295329,2.0,3.4
0.6192547885993879,2.1,3.4
0.6178080287652032,2.2,3.4
0.6158857639030857,2.3,3.4
0.6140610304617804,2.4,3.4
0.6119740527310458,2.5,3.4
0.609677383968354,2.6,3.4
0.6075865470516513,2.7,3.4
0.6055201594172289,2.8,3.4
0.6037911002942964,2.9,3.4
0.6020168605536298,3.0,3.4
0.6000907104760801,3.1,3.4
0.5980327203058025,3.2,3.4
0.5959167639104388,3.3,3.4
0.5939243821887625,3.4,3.4
0.592058195101763,3.5,3.4
0.5903162253785738,3.6,3.4
0.5886109003992354,3.7,3.4
0.586989677347998,3.8,3.4
0.5856305985941075,3.9,3.4
0.58424562756621,4.0,3.4
0.5829423778154168,4.1,3.4
0.5818067573531813,4.2,3.4
0.5807662823646516,4.3,3.4
0.5796531851652493,4.4,3.4
0.5785830825211786,4.5,3.4
0.5775336627452815,4.6,3.4
0.5766631006205652,4.7,3.4
0.5757497550847582,4.8,3.4
0.5746345348509225,4.9,3.4
0.573499733786637,5.0,3.4
0.4971616438188287,0.1,3.5
0.5550585360120786,0.2,3.5
0.5819015131190985,0.3,3.5
0.5990849725087213,0.4,3.5
0.610652054151357,0.5,3.5
0.620888185139731,0.6,3.5
0.6289857940638823,0.7,3.5
0.631928970207638,0.8,3.5
0.6336683510328041,0.9,3.5
0.6321550278963568,1.0,3.5
0.6300096490600192,1.1,3.5
0.6284097545524179,1.2,3.5
0.6273676355536937,1.3,3.5
0.6260619724129013,1.4,3.5
0.6251561297494688,1.5,3.5
0.6241116953515717,1.6,3.5
0.622712538358214,1.7,3.5
0.6212074334612923,1.8,3.5
0.6196551636953211,1.9,3.5
0.6179880409981731,2.0,3.5
0.6165652315273253,2.1,3.5
0.6147238637697423,2.2,3.5
0.612696051492154,2.3,3.5
0.6104085131133647,2.4,3.5
0.6079593627375726,2.5,3.5
0.605713285891089,2.6,3.5
0.60370633025295,2.7,3.5
0.6017897297178505,2.8,3.5
0.599713485466747,2.9,3.5
0.5975711165733386,3.0,3.5
0.5955086915083684,3.1,3.5
0.5934621160517055,3.2,3.5
0.5914214183937743,3.3,3.5
0.5895800271326014,3.4,3.5
0.5877925219895095,3.5,3.5
0.5860759885410177,3.6,3.5
0.5845712897280207,3.7,3.5
0.583292103151084,3.8,3.5
0.582131085532037,3.9,3.5
0.5811511174117796,4.0,3.5
0.5801073707551958,4.1,3.5
0.5790051780825919,4.2,3.5
0.5779791954909325,4.3,3.5
0.5769038589449893,4.4,3.5
0.5759072824792442,4.5,3.5
0.5749155294195389,4.6,3.5
0.5737117446964,4.7,3.5
0.5726097049460043,4.8,3.5
0.5714227344985267,4.9,3.5
0.5703062729867531,5.0,3.5
0.492713416677915,0.1,3.6
0.5507576289332725,0.2,3.6
0.5777615985863802,0.3,3.6
0.5949804485911978,0.4,3.6
0.6063642835575169,0.5,3.6
0.616821516088183,0.6,3.6
0.6252820471040753,0.7,3.6
0.6282087014150414,0.8,3.6
0.629529345802178,0.9,3.6
0.6284612557082687,1.0,3.6
0.6264134217034025,1.1,3.6
0.6255510832058258,1.2,3.6
0.6243643374653784,1.3,3.6
0.623408656890597,1.4,3.6
0.622630752537108,1.5,3.6
0.6213619495170263,1.6,3.6
0.6199860082742152,1.7,3.6
0.6181960021813271,1.8,3.6
0.6164849480417707,1.9,3.6
0.6151388941091498,2.0,3.6
0.6133922035124757,2.1,3.6
0.6112133418600125,2.2,3.6
0.6087644895404394,2.3,3.6
0.6063813095105779,2.4,3.6
0.6039101120035615,2.5,3.6
0.6017386978665727,2.6,3.6
0.5995105502278126,2.7,3.6
0.5973835198749227,2.8,3.6
0.595376550312722,2.9,3.6
0.5933277999197593,3.0,3.6
0.591115858956366,3.1,3.6
0.5891328703812366,3.2,3.6
0.5873118498073461,3.3,3.6
0.5855601916634692,3.4,3.6
0.5841583001162864,3.5,3.6
0.5828612446808601,3.6,3.6
0.5817349015590347,3.7,3.6
0.5807250863174938,3.8,3.6
0.5796160354083593,3.9,3.6
0.5784972448832757,4.0,3.6
0.5773378745883382,4.1,3.6
0.5761976401691478,4.2,3.6
0.5751001343976905,4.3,3.6
0.5738740482901155,4.4,3.6
0.5727274395041594,4.5,3.6
0.5715986597468803,4.6,3.6
0.570542756052387,4.7,3.6
0.569364033260618,4.8,3.6
0.5682082740740244,4.9,3.6
0.56703014616346,5.0,3.6
0.4886492216118117,0.1,3.7
0.5469031659661066,0.2,3.7
0.5735872565966057,0.3,3.7
0.5910083754351598,0.4,3.7
0.6024501143193853,0.5,3.7
0.6129644736292299,0.6,3.7
0.6214161050968072,0.7,3.7
0.624459666380891,0.8,3.7
0.6254479941785996,0.9,3.7
0.624670859938369,1.0,3.7
0.6232228168380753,1.1,3.7
0.6225432148116499,1.2,3.7
0.6213472721212778,1.3,3.7
0.6206754283195215,1.4,3.7
0.6198584617315799,1.5,3.7
0.6186912317118061,1.6,3.7
0.616964569168057,1.7,3.7
0.6150755431293252,1.8,3.7
0.6136842597273795,1.9,3.7
0.6120078182951165,2.0,3.7
0.609718556203364,2.1,3.7
0.6072268934222184,2.2,3.7
0.6046119957187646,2.3,3.7
0.6020961566999508,2.4,3.7
0.5997691131868372,2.5,3.7
0.5975646057453117,2.6,3.7
0.5953673388586576,2.7,3.7
0.5933547797558903,2.8,3.7
0.5911118076012407,2.9,3.7
0.5888618919950287,3.0,3.7
0.5870290476960462,3.1,3.7
0.5854260163619548,3.2,3.7
0.5840172633245693,3.3,3.7
0.5826625966254907,3.4,3.7
0.5814194763484146,3.5,3.7
0.5802666407561242,3.6,3.7
0.5791524981129241,3.7,3.7
0.5780517729716792,3.8,3.7
0.5768292718539674,3.9,3.7
0.5756178198009614,4.0,3.7
0.5744062079379477,4.1,3.7
0.5731888391069536,4.2,3.7
0.572137444019432,4.3,3.7
0.5710355167958088,4.4,3.7
0.5699398587170412,4.5,3.7
0.5687552724745957,4.6,3.7
0.5674830800742958,4.7,3.7
0.566388399637689,4.8,3.7
0.5653335559073287,4.9,3.7
0.5643222853357668,5.0,3.7
0.4845460232559692,0.1,3.8
0.5433520930813358,0.2,3.8
0.5695343696263045,0.3,3.8
0.5872280424300161,0.4,3.8
0.5987147098892791,0.5,3.8
0.6091109015334899,0.6,3.8
0.6173597983149925,0.7,3.8
0.6206479223130015,0.8,3.8
0.6213979668555667,0.9,3.8
0.6209626744940537,1.0,3.8
0.6202241104788916,1.1,3.8
0.6193851233922936,1.2,3.8
0.6184398466532246,1.3,3.8
0.6177606470547101,1.4,3.8
0.6169738182673972,1.5,3.8
0.6157789842815314,1.6,3.8
0.6137741525504326,1.7,3.8
0.6120873119334433,1.8,3.8
0.6104168632621512,1.9,3.8
0.6081964806884055,2.0,3.8
0.6054781517641556,2.1,3.8
0.6029100842216839,2.2,3.8
0.6003888943648203,2.3,3.8
0.5980539793510968,2.4,3.8
0.5957764708114796,2.5,3.8
0.5935807350685162,2.6,3.8
0.59138028792676,2.7,3.8
0.5889543864735659,2.8,3.8
0.586895595019219,2.9,3.8
0.5853224873023748,3.0,3.8
0.5838603446125386,3.1,3.8
0.58249536146622,3.2,3.8
0.5811283317860709,3.3,3.8
0.5799318467859943,3.4,3.8
0.5788050201559908,3.5,3.8
0.5776446905122095,3.6,3.8
0.5764556352728576,3.7,3.8
0.5751463271844135,3.8,3.8
0.5738623794833535,3.9,3.8
0.572755787045538,4.0,3.8
0.5716710983266143,4.1,3.8
0.5705193196058086,4.2,3.8
0.5693713089476063,4.3,3.8
0.5682020514948032,4.4,3.8
0.5669374267476179,4.5,3.8
0.5659448511170051,4.6,3.8
0.5649663744614638,4.7,3.8
0.563958221443313,4.8,3.8
0.5630483906925945,4.9,3.8
0.5620553856089867,5.0,3.8
0.4804372679869668,0.1,3.9
0.539732847638903,0.2,3.9
0.5655563615591912,0.3,3.9
0.583563969645462,0.4,3.9
0.595169443674989,0.5,3.9
0.6053298220377477,0.6,3.9
0.6132000665687826,0.7,3.9
0.6165558060818161,0.8,3.9
0.6177409121237388,0.9,3.9
0.6173447100360716,1.0,3.9
0.6171672596960023,1.1,3.9
0.6162807944284705,1.2,3.9
0.6154765618017333,1.3,3.9
0.6149324264577231,1.4,3.9
0.6140655495102176,1.5,3.9
0.6125699005915893,1.6,3.9
0.6104867574167334,1.7,3.9
0.6087752434819106,1.8,3.9
0.6066131432672288,1.9,3.9
0.6039895592126305,2.0,3.9
0.6013217942228679,2.1,3.9
0.598813649723839,2.2,3.9
0.5963914013456689,2.3,3.9
0.5940594306031216,2.4,3.9
0.591772215902843,2.5,3.9
0.5894406650736048,2.6,3.9
0.5870814532048831,2.7,3.9
0.5854689131076174,2.8,3.9
0.5839552682729887,2.9,3.9
0.5824881951938107,3.0,3.9
0.5810809282724685,3.1,3.9
0.5798284774120406,3.2,3.9
0.578637207640742,3.3,3.9
0.5774718343248316,3.4,3.9
0.5762228004434207,3.5,3.9
0.5748582530917066,3.6,3.9
0.5735408685619307,3.7,3.9
0.5722960102471284,3.8,3.9
0.5711498039866402,3.9,3.9
0.5700113937388638,4.0,3.9
0.5688416801690054,4.1,3.9
0.5676671963316235,4.2,3.9
0.5666062691621687,4.3,3.9
0.5656084587046921,4.4,3.9
0.5646001329711363,4.5,3.9
0.5636072668738075,4.6,3.9
0.5626885691667872,4.7,3.9
0.56191250685758,4.8,3.9
0.5613575006326841,4.9,3.9
0.5607769624844361,5.0,3.9
0.4764901991613123,0.1,4.0
0.5361329293612396,0.2,4.0
0.5616352962776698,0.3,4.0
0.5797053088191912,0.4,4.0
0.5916753874930782,0.5,4.0
0.6015400602998808,0.6,4.0
0.6089998197781683,0.7,4.0
0.6128220890401865,0.8,4.0
0.614028878431828,0.9,4.0
0.6141511771741281,1.0,4.0
0.6139607962950366,1.1,4.0
0.6133132442433316,1.2,4.0
0.6126713230087397,1.3,4.0
0.612089649073948,1.4,4.0
0.6109474746426589,1.5,4.0
0.6090912345008468,1.6,4.0
0.6072265301413953,1.7,4.0
0.6051423058664686,1.8,4.0
0.6026023479400535,1.9,4.0
0.5999997055939918,2.0,4.0
0.5973551615208254,2.1,4.0
0.5948627522546341,2.2,4.0
0.5924218839693943,2.3,4.0
0.5898879414225537,2.4,4.0
0.587665733350814,2.5,4.0
0.5856971461027856,2.6,4.0
0.5842277636640201,2.7,4.0
0.5827559167769295,2.8,4.0
0.581230655497735,2.9,4.0
0.5799514423912326,3.0,4.0
0.5787317074465698,3.1,4.0
0.5774022398772721,3.2,4.0
0.5761004157138219,3.3,4.0
0.5746973253234439,3.4,4.0
0.5733464097358217,3.5,4.0
0.5720441052378148,3.6,4.0
0.5708406718756098,3.7,4.0
0.5696397496672061,3.8,4.0
0.5683990760600259,3.9,4.0
0.5672741320297242,4.0,4.0
0.5663597308386673,4.1,4.0
0.5654494971883597,4.2,4.0
0.5644586346979557,4.3,4.0
0.5634786083552394,4.4,4.0
0.5625634508599713,4.5,4.0
0.5620110693684821,4.6,4.0
0.5613976866650916,4.7,4.0
0.5608309490947567,4.8,4.0
0.5601005198052569,4.9,4.0
0.5594426589508665,5.0,4.0
0.4726429881757429,0.1,4.1
0.5326393388190136,0.2,4.1
0.5578338583929825,0.3,4.1
0.5758988593235179,0.4,4.1
0.5879976466268733,0.5,4.1
0.5976615207924341,0.6,4.1
0.605142845201645,0.7,4.1
0.609426830698424,0.8,4.1
0.6107956887327123,0.9,4.1
0.610948775604067,1.0,4.1
0.6107446134257755,1.1,4.1
0.61042234963088,1.2,4.1
0.609792944731866,1.3,4.1
0.6091209026516746,1.4,4.1
0.6076558304812822,1.5,4.1
0.6057481986074964,1.6,4.1
0.6036550844436541,1.7,4.1
0.6012832473226621,1.8,4.1
0.5987615053425284,1.9,4.1
0.5959655226698297,2.0,4.1
0.5934165463453918,2.1,4.1
0.590917233014111,2.2,4.1
0.5884638279073007,2.3,4.1
0.5863443037686875,2.4,4.1
0.584473059227075,2.5,4.1
0.5830277532233398,2.6,4.1
0.5816274273725522,2.7,4.1
0.5801111423964169,2.8,4.1
0.5788430468174492,2.9,4.1
0.5775776363664744,3.0,4.1
0.5761757396378929,3.1,4.1
0.5748572393887987,3.2,4.1
0.5734917354261975,3.3,4.1
0.572152783581918,3.4,4.1
0.5708722724006228,3.5,4.1
0.5697222446986892,3.6,4.1
0.5684648414450948,3.7,4.1
0.5672680517477796,3.8,4.1
0.5663831310765872,3.9,4.1
0.565421329586473,4.0,4.1
0.5644400877767712,4.1,4.1
0.5635814459795407,4.2,4.1
0.5629154495003402,4.3,4.1
0.5622896818680895,4.4,4.1
0.5617114991499681,4.5,4.1
0.5609830172499835,4.6,4.1
0.5603026688773063,4.7,4.1
0.5595588904705789,4.8,4.1
0.5587661882032307,4.9,4.1
0.5578230286150396,5.0,4.1
0.4684212162107162,0.1,4.2
0.5291007593781687,0.2,4.2
0.5542095702701625,0.3,4.2
0.5719878340102529,0.4,4.2
0.5843347492150054,0.5,4.2
0.5939866782299367,0.6,4.2
0.6015854162266197,0.7,4.2
0.6061515343469593,0.8,4.2
0.6077379405042428,0.9,4.2
0.6077897065337221,1.0,4.2
0.6076084468326304,1.1,4.2
0.6076038961466594,1.2,4.2
0.6069094843887574,1.3,4.2
0.6059625543223968,1.4,4.2
0.6041526664138217,1.5,4.2
0.6023099346120477,1.6,4.2
0.5999311290847879,1.7,4.2
0.5974495396943212,1.8,4.2
0.5948235483228294,1.9,4.2
0.5920058723009,2.0,4.2
0.5895880302540775,2.1,4.2
0.5873460531270356,2.2,4.2
0.5852730298105688,2.3,4.2
0.5833344535613038,2.4,4.2
0.5819356734919016,2.5,4.2
0.5804200698677177,2.6,4.2
0.5790104072213794,2.7,4.2
0.5777735375362395,2.8,4.2
0.5765978385495472,2.9,4.2
0.5751327527191816,3.0,4.2
0.5738868958327349,3.1,4.2
0.5725919520538512,3.2,4.2
0.5713046968880209,3.3,4.2
0.5700669127273847,3.4,4.2
0.5687723846442165,3.5,4.2
0.5675725142327246,3.6,4.2
0.5666121013856422,3.7,4.2
0.5655792980046871,3.8,4.2
0.5646310309881627,3.9,4.2
0.563780414199831,4.0,4.2
0.5631757499894144,4.1,4.2
0.5625681933899231,4.2,4.2
0.5618846308867917,4.3,4.2
0.561098993018368,4.4,4.2
0.5602961000458007,4.5,4.2
0.5593861081046421,4.6,4.2
0.5584647199659212,4.7,4.2
0.5575297306192379,4.8,4.2
0.5566144730245361,4.9,4.2
0.5556150837721645,5.0,4.2
0.46394742359359153,0.1,4.3
0.5256188702995903,0.2,4.3
0.5505871993221456,0.3,4.3
0.5681628614856653,0.4,4.3
0.5808049945575273,0.5,4.3
0.5905465611814589,0.6,4.3
0.5982772624210673,0.7,4.3
0.6029709372390685,0.8,4.3
0.6047097014383123,0.9,4.3
0.6047461932558382,1.0,4.3
0.6044882999072757,1.1,4.3
0.6046127799216068,1.2,4.3
0.6038921873760839,1.3,4.3
0.6026182262808626,1.4,4.3
0.6006562238453333,1.5,4.3
0.598707880837032,1.6,4.3
0.5961384458080556,1.7,4.3
0.5937679999287435,1.8,4.3
0.5909987511667983,1.9,4.3
0.5883703858730401,2.0,4.3
0.5862251289785341,2.1,4.3
0.5842304362104674,2.2,4.3
0.5822198986829731,2.3,4.3
0.5807623978566188,2.4,4.3
0.5792177393322516,2.5,4.3
0.5780652848204821,2.6,4.3
0.5768208764746106,2.7,4.3
0.5756314254436454,2.8,4.3
0.5742583574401199,2.9,4.3
0.5730073601824057,3.0,4.3
0.5717748369877952,3.1,4.3
0.5704771823433923,3.2,4.3
0.569166300219168,3.3,4.3
0.567948654849854,3.4,4.3
0.5669190771061304,3.5,4.3
0.5658635731482993,3.6,4.3
0.5648474326465163,3.7,4.3
0.5640016855960412,3.8,4.3
0.563412464289645,3.9,4.3
0.5627465911113045,4.0,4.3
0.5619185158799573,4.1,4.3
0.561042149038854,4.2,4.3
0.5601178946889939,4.3,4.3
0.5591782901600837,4.4,4.3
0.5582567599545758,4.5,4.3
0.5573083795420843,4.6,4.3
0.5563657713398288,4.7,4.3
0.5553857930302823,4.8,4.3
0.5543948102802558,4.9,4.3
0.5536332069246471,5.0,4.3
0.45961883530267433,0.1,4.4
0.5220166167900966,0.2,4.4
0.5471140839162433,0.3,4.4
0.5644206225634845,0.4,4.4
0.5773750393350034,0.5,4.4
0.5874186079741422,0.6,4.4
0.5950438200369166,0.7,4.4
0.5996966431535595,0.8,4.4
0.6015725651116577,0.9,4.4
0.6017966901698514,1.0,4.4
0.601465242737138,1.1,4.4
0.6016307857761627,1.2,4.4
0.6009070618613512,1.3,4.4
0.5991030313123542,1.4,4.4
0.5970404075084981,1.5,4.4
0.5950782179751173,1.6,4.4
0.5926535381024559,1.7,4.4
0.5901468202937183,1.8,4.4
0.5875362281899941,1.9,4.4
0.5853114624560215,2.0,4.4
0.583230174029608,2.1,4.4
0.5813394167711057,2.2,4.4
0.5796709805821977,2.3,4.4
0.5782734693162522,2.4,4.4
0.577081753979518,2.5,4.4
0.5760018820597254,2.6,4.4
0.5747779386199758,2.7,4.4
0.5734658797163577,2.8,4.4
0.5722249887924828,2.9,4.4
0.5709324932961699,3.0,4.4
0.5696291785464915,3.1,4.4
0.5683023854438833,3.2,4.4
0.5673044190500165,3.3,4.4
0.5661715830903009,3.4,4.4
0.5650684553559864,3.5,4.4
0.5642227846983261,3.6,4.4
0.5635451139393319,3.7,4.4
0.562766357885649,3.8,4.4
0.5619035570552655,3.9,4.4
0.5608848936992579,4.0,4.4
0.5599250514891274,4.1,4.4
0.558994102882661,4.2,4.4
0.5580777386570125,4.3,4.4
0.5571169125356809,4.4,4.4
0.5561308219472311,4.5,4.4
0.5553414757582085,4.6,4.4
0.5545149476944866,4.7,4.4
0.5536474200383099,4.8,4.4
0.5527386031745067,4.9,4.4
0.5517327830118379,5.0,4.4
0.45534692502828766,0.1,4.5
0.5184352557532315,0.2,4.5
0.5438194570793592,0.3,4.5
0.5609727103665625,0.4,4.5
0.5739398732630746,0.5,4.5
0.5843758891643923,0.6,4.5
0.5917219176985742,0.7,4.5
0.5964581631958272,0.8,4.5
0.5985191797777785,0.9,4.5
0.598792332951122,1.0,4.5
0.5984950279056547,1.1,4.5
0.5985312002653498,1.2,4.5
0.5976023099474346,1.3,4.5
0.5956463908844326,1.4,4.5
0.5937270893083743,1.5,4.5
0.5917138367915658,1.6,4.5
0.5892779801628856,1.7,4.5
0.5869544822861134,1.8,4.5
0.5846298893080575,1.9,4.5
0.5825698928571382,2.0,4.5
0.5805652928680154,2.1,4.5
0.5788338699420077,2.2,4.5
0.5773603886370855,2.3,4.5
0.5761719123163862,2.4,4.5
0.5751854453125336,2.5,4.5
0.5739041842338859,2.6,4.5
0.5727394177125313,2.7,4.5
0.5714202154528505,2.8,4.5
0.5701004511040123,2.9,4.5
0.5688574845513175,3.0,4.5
0.5675902035883091,3.1,4.5
0.5665644420912475,3.2,4.5
0.5653862264758234,3.3,4.5
0.5644027364510089,3.4,4.5
0.5635764397421883,3.5,4.5
0.5627105274506534,3.6,4.5
0.5618349667544263,3.7,4.5
0.5608078218122318,3.8,4.5
0.5597779127397059,3.9,4.5
0.5588169323561092,4.0,4.5
0.557840915557108,4.1,4.5
0.55693809002892,4.2,4.5
0.5562100513320193,4.3,4.5
0.5554138729881481,4.4,4.5
0.5544878861875091,4.5,4.5
0.5535607615525378,4.6,4.5
0.5526378769214195,4.7,4.5
0.5515720426872038,4.8,4.5
0.5505515301846593,4.9,4.5
0.5494449496951985,5.0,4.5
0.4510395955259435,0.1,4.6
0.515020693819997,0.2,4.6
0.5407890940580687,0.3,4.6
0.5578824449427581,0.4,4.6
0.5708272180456972,0.5,4.6
0.5812268412593145,0.6,4.6
0.588545550489175,0.7,4.6
0.5931610533185718,0.8,4.6
0.5954802521310103,0.9,4.6
0.5957749188609387,1.0,4.6
0.5955259806726028,1.1,4.6
0.5953589846326257,1.2,4.6
0.594185730909734,1.3,4.6
0.5924652827614645,1.4,4.6
0.5905633320725934,1.5,4.6
0.5887211772525143,1.6,4.6
0.5864388154718911,1.7,4.6
0.5840843672469569,1.8,4.6
0.5819381505789396,1.9,4.6
0.5800061881072953,2.0,4.6
0.5780848423036777,2.1,4.6
0.5764793066490717,2.2,4.6
0.5753217712973577,2.3,4.6
0.5742557027997598,2.4,4.6
0.5731600505799959,2.5,4.6
0.5719113293747671,2.6,4.6
0.5706793620177655,2.7,4.6
0.5693851979858353,2.8,4.6
0.5681055546485685,2.9,4.6
0.5669262849071439,3.0,4.6
0.5658461943317368,3.1,4.6
0.5645844627155301,3.2,4.6
0.5636297396158779,3.3,4.6
0.5627932696305831,3.4,4.6
0.5617573013546556,3.5,4.6
0.5607023617565563,3.6,4.6
0.5597166326531111,3.7,4.6
0.5586928679381191,3.8,4.6
0.5578268983687359,3.9,4.6
0.5570325309776104,4.0,4.6
0.5561625279823861,4.1,4.6
0.5553397512949805,4.2,4.6
0.5543939357120216,4.3,4.6
0.5534605341446694,4.4,4.6
0.5525011528730014,4.5,4.6
0.5514626329628737,4.6,4.6
0.5502835469506306,4.7,4.6
0.549028023400409,4.8,4.6
0.5477944779222039,4.9,4.6
0.5465264253866797,5.0,4.6
0.4465769190644251,0.1,4.7
0.5115513874114708,0.2,4.7
0.5376984995414116,0.3,4.7
0.5549784397948577,0.4,4.7
0.5676222611043118,0.5,4.7
0.578123140215453,0.6,4.7
0.5854166970512569,0.7,4.7
0.5898859291708584,0.8,4.7
0.5925102298447227,0.9,4.7
0.592827506276368,1.0,4.7
0.5925765109076674,1.1,4.7
0.5920976161158331,1.2,4.7
0.5908587344580833,1.3,4.7
0.5894545954261071,1.4,4.7
0.5878080212356266,1.5,4.7
0.5858702434432026,1.6,4.7
0.5835729147596886,1.7,4.7
0.5813981843733378,1.8,4.7
0.5794785257036672,1.9,4.7
0.5775175648438549,2.0,4.7
0.5758589709144064,2.1,4.7
0.574553026755376,2.2,4.7
0.5733201521337228,2.3,4.7
0.5722706221003935,2.4,4.7
0.5712661099993952,2.5,4.7
0.5700431321234445,2.6,4.7
0.5686735278564101,2.7,4.7
0.5673220867118182,2.8,4.7
0.5660575374533621,2.9,4.7
0.5648369659873634,3.0,4.7
0.5638028000565047,3.1,4.7
0.5628506448748489,3.2,4.7
0.5617673810458388,3.3,4.7
0.5606428083664039,3.4,4.7
0.5596955739208149,3.5,4.7
0.5587710948783604,3.6,4.7
0.5579285968764869,3.7,4.7
0.5570790262862428,3.8,4.7
0.5562177678629804,3.9,4.7
0.5553078802629722,4.0,4.7
0.554367329979216,4.1,4.7
0.5534845394745386,4.2,4.7
0.5524851951415226,4.3,4.7
0.5513615290256366,4.4,4.7
0.5500017715574668,4.5,4.7
0.5487501087031939,4.6,4.7
0.5475056977985574,4.7,4.7
0.5463592599634841,4.8,4.7
0.5451502516115403,4.9,4.7
0.543983941600593,5.0,4.7
0.4421792483483596,0.1,4.8
0.5080944389643098,0.2,4.8
0.5348063711170479,0.3,4.8
0.5521371944208509,0.4,4.8
0.5645016371162916,0.5,4.8
0.5751145538980658,0.6,4.8
0.5822898150875186,0.7,4.8
0.5867630232657622,0.8,4.8
0.5895321079288955,0.9,4.8
0.5898404525963835,1.0,4.8
0.5896163913227378,1.1,4.8
0.5889869501078346,1.2,4.8
0.5876612504459868,1.3,4.8
0.5868400128015175,1.4,4.8
0.5851466464133845,1.5,4.8
0.5831746704385401,1.6,4.8
0.5810513723407095,1.7,4.8
0.5788771849979187,1.8,4.8
0.5771066369331308,1.9,4.8
0.5753118826993184,2.0,4.8
0.5737453460487857,2.1,4.8
0.5725574534932076,2.2,4.8
0.5713943749533174,2.3,4.8
0.5703018326814724,2.4,4.8
0.5691940830323365,2.5,4.8
0.5678657618762266,2.6,4.8
0.5664013103759291,2.7,4.8
0.5651160303574577,2.8,4.8
0.5638074893021886,2.9,4.8
0.5628704387199235,3.0,4.8
0.5618347463208132,3.1,4.8
0.5607464957261866,3.2,4.8
0.559741101979097,3.3,4.8
0.5588631951180323,3.4,4.8
0.5580253933934691,3.5,4.8
0.5571799510177358,3.6,4.8
0.5563135671384531,3.7,4.8
0.5553461237837463,3.8,4.8
0.554384240530025,3.9,4.8
0.553447687968175,4.0,4.8
0.5524107710338577,4.1,4.8
0.5511567991076676,4.2,4.8
0.5498808515579469,4.3,4.8
0.5486183049092692,4.4,4.8
0.5474316329930866,4.5,4.8
0.5462497429766437,4.6,4.8
0.5451218061302964,4.7,4.8
0.5440172236903733,4.8,4.8
0.542879038096008,4.9,4.8
0.5416276967691677,5.0,4.8
0.4379799987203831,0.1,4.9
0.5046315022078145,0.2,4.9
0.5319315240764321,0.3,4.9
0.5492888631465713,0.4,4.9
0.5614398182697532,0.5,4.9
0.5718893912494589,0.6,4.9
0.5792028102493324,0.7,4.9
0.5836752129859781,0.8,4.9
0.5866741382017793,0.9,4.9
0.5870752744608037,1.0,4.9
0.5868528040024229,1.1,4.9
0.5860113795607993,1.2,4.9
0.5849058157767336,1.3,4.9
0.5842607315114663,1.4,4.9
0.582506586203334,1.5,4.9
0.5806641687628573,1.6,4.9
0.5785855006530971,1.7,4.9
0.5764668749959625,1.8,4.9
0.5746997404921146,1.9,4.9
0.5729850570142061,2.0,4.9
0.571645875773511,2.1,4.9
0.5704968229788181,2.2,4.9
0.5693662555121326,2.3,4.9
0.5682391517516797,2.4,4.9
0.5669220189010753,2.5,4.9
0.5654360254802475,2.6,4.9
0.5640727002463741,2.7,4.9
0.5628059628785265,2.8,4.9
0.561888578565432,2.9,4.9
0.5607965613860075,3.0,4.9
0.5597870943492185,3.1,4.9
0.5589112740931046,3.2,4.9
0.5580964339466721,3.3,4.9
0.5572773896335991,3.4,4.9
0.5563607040608007,3.5,4.9
0.5553822603793199,3.6,4.9
0.5543669289600415,3.7,4.9
0.5533314603932319,3.8,4.9
0.5523642728468485,3.9,4.9
0.5512071115593191,4.0,4.9
0.5499174990441578,4.1,4.9
0.5487162251069044,4.2,4.9
0.5474813491657617,4.3,4.9
0.5463958789145373,4.4,4.9
0.5452495993713277,4.5,4.9
0.5441447129183837,4.6,4.9
0.5429909653869568,4.7,4.9
0.5416764960559313,4.8,4.9
0.5404041526254051,4.9,4.9
0.5392301525272596,5.0,4.9
0.43394811313448217,0.1,5.0
0.501150712597856,0.2,5.0
0.5291987481960683,0.3,5.0
0.5464124929312164,0.4,5.0
0.5585112403658583,0.5,5.0
0.5687862991194881,0.6,5.0
0.5760918195610695,0.7,5.0
0.580681594584013,0.8,5.0
0.5838967073017887,0.9,5.0
0.5843913143584882,1.0,5.0
0.5840099808408843,1.1,5.0
0.5830477767023342,1.2,5.0
0.5823576786096274,1.3,5.0
0.5817991636471155,1.4,5.0
0.5800440748434544,1.5,5.0
0.5782004324061958,1.6,5.0
0.5761222697894782,1.7,5.0
0.5742396701911778,1.8,5.0
0.5722361725080339,1.9,5.0
0.5708479030817866,2.0,5.0
0.5696794379891721,2.1,5.0
0.5685217315457345,2.2,5.0
0.5673434538361914,2.3,5.0
0.5659238619477799,2.4,5.0
0.5644072842716261,2.5,5.0
0.563017582776205,2.6,5.0
0.5618175487288102,2.7,5.0
0.5608568741953547,2.8,5.0
0.5598559417771072,2.9,5.0
0.5590156226209992,3.0,5.0
0.5582029268895641,3.1,5.0
0.557399274153594,3.2,5.0
0.5565032594386187,3.3,5.0
0.5555346804338627,3.4,5.0
0.5544344557525609,3.5,5.0
0.5533426827157613,3.6,5.0
0.5522743705354447,3.7,5.0
0.5510926945376229,3.8,5.0
0.5499834697117492,3.9,5.0
0.5488584573215043,4.0,5.0
0.5477595804239066,4.1,5.0
0.5466294408771701,4.2,5.0
0.5454704199591913,4.3,5.0
0.5443318475052032,4.4,5.0
0.5431025822989012,4.5,5.0
0.5418088356518542,4.6,5.0
0.5405264522031984,4.7,5.0
0.5393816726599452,4.8,5.0
0.5380820894634719,4.9,5.0
0.5367935229419882,5.0,5.0
