Date,irradiance,pressure,rainfall,temperature
01/01/2023,24.9401203857435,21.0821269025839,2.97901203410335,27.0441855644584
02/01/2023,28.396868145032,18.9166662910505,1.11015508915916,28.277485789152
03/01/2023,29.830891920843,19.6986433205797,0.45968692788391,29.2057563564533
04/01/2023,13.9579599707347,20.5537849061293,1.87948750941511,24.9975412227742
05/01/2023,15.212444292655,15.8762091229794,12.0111713086369,21.4556321507384
06/01/2023,13.2477313965503,15.5209386269054,3.05678578934134,20.4902039984232
07/01/2023,17.9815635016092,16.7818050927067,30.487987419203,22.8492277396416
08/01/2023,29.8026691948484,14.1654219758715,1.64376152682281,25.2180011635202
09/01/2023,31.4018913007169,16.1350769625691,0.00480541725443587,28.1996833362706
10/01/2023,29.8105743798598,17.4376224423853,0.0173668807165864,26.9300814494086
11/01/2023,19.6621729032395,17.5244284684864,0.00777035020778323,26.593646381232
12/01/2023,24.5606807713361,18.739187523443,0.0829770478802005,27.8808448818386
13/01/2023,25.3745231388371,19.0962915944062,0.214261262200986,28.1314456188442
14/01/2023,24.0238611462579,19.9725409273836,1.03710148151135,27.3129032578269
15/01/2023,29.6910383632293,18.5214456162116,0.829360281175919,30.187966988442
16/01/2023,26.0959436831379,19.6308515912762,0.855157048212059,27.8581357667616
17/01/2023,27.7464777404644,20.2154398669096,0.432821791800808,28.2485697774539
18/01/2023,24.1980172530963,19.7844526141169,0.269972120117459,30.5637326185556
19/01/2023,8.0251006590669,18.3759603905133,13.052877965652,20.3225188687867
20/01/2023,12.7204200096411,16.7491296497997,4.63075444524941,21.8676541506165
21/01/2023,24.4521853365985,15.8919665331445,1.49762858060297,24.706819476943
22/01/2023,9.11236481595582,18.6929399543597,2.97697687594181,21.279929848878
23/01/2023,21.3720744779499,18.4762877257369,9.75327443087652,25.0828052070986
24/01/2023,26.6105433800582,19.2454387426128,0.754218293125151,28.031089651668
25/01/2023,28.0067031608722,20.3824189093341,6.96489220523774,28.3223147769841
26/01/2023,25.2128280414822,22.0565074687777,0.080042854863158,32.2263928939848
27/01/2023,21.0084480153019,21.5080569954545,1.84338729864074,27.4055130802359
28/01/2023,27.864923033826,24.025653005515,1.59568470578016,31.2974424304429
29/01/2023,15.8466191023106,26.0852928576611,0.34953244181267,30.0459745053717
30/01/2023,10.5743058334025,23.8891880934774,6.63943601479712,26.5280848419707
31/01/2023,19.9294979660557,19.8221432586877,24.0772661284725,26.8609944769597
01/02/2023,28.0773929609252,18.4684134257926,0.450846911528216,27.6562667602028
02/02/2023,26.4479358821453,20.9111553540309,0.0440065022902162,30.0362524523989
03/02/2023,27.6225376502025,12.2002512454913,0.141872192775277,27.5860450524347
04/02/2023,28.1450597821808,9.46720143339089,0.179887177060905,26.2085594216389
05/02/2023,28.888358842844,12.2859012124556,0.00783984467018744,27.7319430234411
06/02/2023,26.1258301443532,19.693436628913,0.0758530911650401,28.56584782398
07/02/2023,21.4703918651842,21.6081113123272,0.242573468614046,27.835875888143
08/02/2023,17.3795330217332,20.1048356794286,1.29131993282018,26.0588532260795
09/02/2023,10.1028789374311,21.5377738054291,24.9353952272202,24.3550004089996
10/02/2023,27.2258510419115,20.4947227852326,21.5858804573747,29.4983908694671
11/02/2023,26.5872322331398,20.5639808359427,0.56203908155104,33.0081578597001
12/02/2023,25.8917873427819,15.9335591744642,0.0141184582410914,27.6144472176453
13/02/2023,17.1391287438211,17.9821678196587,1.12779834409532,24.199574658933
14/02/2023,11.9009805353343,17.5584348134234,2.50867231019573,22.4576747480243
15/02/2023,24.2808314216345,19.2516225112365,10.8273090899759,26.9154746576768
16/02/2023,26.92458550378,17.537358146432,0.0476194640069718,29.5653893254328
17/02/2023,26.5722837915416,20.0415124254365,0.00431850630617896,30.4639619266408
18/02/2023,23.2832446155469,20.9281431523051,0.228968312528792,32.8412131671208
19/02/2023,21.9415159135782,19.4609842644367,6.20089857534798,27.927605185401
20/02/2023,25.6108624330785,23.1466902668104,0.0654355116451619,30.5502644579556
21/02/2023,23.0082358687039,22.7410853121246,0.332449201627563,29.3920318350545
22/02/2023,7.99993727656933,17.8633475175015,43.275158360766,21.6587481649613
23/02/2023,13.9413406548858,16.8246791741502,5.7475251827509,23.4377737106316
24/02/2023,21.7966754276889,17.4652861126671,2.1894093433442,25.6164076509751
25/02/2023,23.7329940259107,17.6209945624647,0.433812372371625,27.01615814512
26/02/2023,23.8938853478462,18.5028543225812,0.00723495210234414,31.140605894793
27/02/2023,16.8781941404132,20.5204311347528,0.370741491266597,26.669356328736
28/02/2023,17.4081872887382,20.5023068860887,0.964434563028241,27.0717466004532
01/03/2023,22.0257320381602,21.2389719669627,0.177197374291226,28.2780933785383
02/03/2023,20.730556287556,20.2310200644303,0.748059132056204,26.9214171572925
03/03/2023,16.0106004536767,20.9836716159078,1.08129373685891,26.0334287508105
04/03/2023,18.7079161460403,20.5386175807929,4.55405921562818,26.3548625547686
05/03/2023,23.1803423692327,19.1370498658085,0.217528822848169,29.5690255033106
06/03/2023,23.3014451740041,19.5048578428034,1.572850273307,36.1297708592977
07/03/2023,22.4562719244411,16.6722796443586,0.0177319104597237,32.6257399076836
08/03/2023,21.5037662105495,12.6754523171243,0.0903544703026996,29.1307852865934
09/03/2023,22.996812582878,12.2725017933875,0.102041903166586,26.8293944019078
10/03/2023,20.5809102832178,16.0053785999037,0.0189495929288061,27.1425911156467
11/03/2023,21.1718404385136,19.0797217653541,0.0286623392292548,30.2681710458091
12/03/2023,15.4273246049382,20.5685893244875,0.786406102646359,26.7930554563723
13/03/2023,11.3839448371192,19.0450048659907,7.09454524080643,23.748945835718
14/03/2023,11.0987722416425,20.8787983247598,4.33087394439328,24.2575236034343
15/03/2023,20.7333284936822,21.3375128341054,13.741299263647,28.6115729413629
16/03/2023,21.8980806477085,20.7573046423252,0.0750501524467519,34.9609234203038
17/03/2023,20.7616908830611,14.8558646653889,0.0127786323018031,30.9358440519411
18/03/2023,21.4060071345668,21.5258569675787,0.0104085870835304,30.9817338021043
19/03/2023,21.0678423672471,21.8693869186297,0.00905884307570091,34.9516008885734
20/03/2023,8.27280085412182,21.5211965635473,0.212082559494873,23.6499118215113
21/03/2023,9.63054423247998,15.9040437465368,1.91680145864937,22.0031958097848
22/03/2023,11.3256559031398,18.2167536472287,1.01021352855197,24.4022730965957
23/03/2023,10.6732992201912,20.8307895693868,1.23390328231451,25.906873334782
24/03/2023,15.9932541387366,19.3423597838058,10.9975663975824,25.4830253967318
25/03/2023,8.23508239562697,19.5221561759827,3.67110217528468,23.2388330187219
26/03/2023,13.119226402909,18.8214443007081,3.57403090389563,24.5256091112286
27/03/2023,8.20139825110349,20.8848266271329,6.70193567320755,24.5654310196742
28/03/2023,8.69371075207788,20.1936686501482,3.11819794162516,25.3107646704976
29/03/2023,11.9903274745168,20.5742654145847,7.95907449790263,26.221054064723
30/03/2023,17.986982809682,13.2407949116085,3.21044191147129,23.5514139794158
31/03/2023,18.5379994196414,11.2601074310808,0.0490708303698953,23.8669327643839
01/04/2023,11.0222644952899,12.7747963756834,1.15814737624579,20.3154914990363
02/04/2023,11.0264704738787,16.1456946384585,18.0897895918173,20.7358525202588
03/04/2023,14.6280245299469,18.1253761020629,12.8656160593335,23.3759754397297
04/04/2023,16.050544105321,17.8384247773831,3.03277758156999,24.6188195102899
05/04/2023,15.2292859415813,16.8893851745645,1.94292770260742,24.2886180423957
06/04/2023,11.4980368957669,17.7096722035592,1.56513380442162,22.9421336744181
07/04/2023,10.4841948759879,16.6229229657372,2.10280064214684,23.2928766182941
08/04/2023,16.3546101204293,12.8817898828198,7.79515867496109,22.6600033636661
09/04/2023,17.0968678651664,9.12889732038657,0.0968965299296461,20.2826898327922
10/04/2023,16.0814816283209,8.83277052569738,0.0871219830147713,19.866321492073
11/04/2023,15.4504145853908,9.84371213835874,0.168605176223279,21.4493124034069
12/04/2023,10.8553336839922,13.4416311060778,0.209670042905333,21.2880654635751
13/04/2023,12.8818202863327,14.928130825512,2.98151287076895,21.7987052201041
14/04/2023,12.854746288103,16.4213629472841,13.4471913109415,21.416018577904
15/04/2023,15.7913900916035,15.4485231462251,2.79438392462931,24.2713938402189
16/04/2023,9.1131400733188,16.1594776115881,1.12301910639054,23.8365566402961
17/04/2023,14.056041606313,12.1403864540194,0.347636412148162,21.613017489921
18/04/2023,13.9917064587392,14.8740682266971,0.0575100175086526,22.3983637473341
19/04/2023,15.3128258089871,15.1195413663659,0.105033878306666,24.2680187907042
20/04/2023,6.71239075609746,15.8814697042527,5.6458707191552,18.9991379692037
21/04/2023,12.8890267170292,13.9051835367814,3.96317203683521,21.3502387216882
22/04/2023,9.26827999866305,14.5536359053829,0.366738110825802,21.6924620008309
23/04/2023,11.0601414670102,16.8614885286981,1.04576911586886,22.8082585736579
24/04/2023,11.9632143954703,16.4102708395917,2.61677718232205,22.6556361522431
25/04/2023,13.9188729102981,17.176186508843,1.1461450396679,23.770028311948
26/04/2023,12.1450651589894,16.0808234324852,0.182186306866007,22.5678986050825
27/04/2023,13.8159424169565,16.1114029158995,0.170275824853375,24.1546807112857
28/04/2023,13.9873737334621,16.1186652065978,0.155981976075135,25.8151928718682
29/04/2023,5.04643799059898,17.0543743944801,2.46811652832468,18.4266419899799
30/04/2023,10.5736415561056,14.0960294261004,23.7726592105677,18.6278563981603
01/05/2023,12.8916942209462,11.924573413567,2.77151061600564,19.4444460503816
02/05/2023,12.5421976539848,11.6861165964126,0.122704654716407,21.2780517561195
03/05/2023,13.4744601469734,12.7153096535762,0.105780762374802,22.4620750334339
04/05/2023,13.7951522217211,8.65049419202248,0.0997558415466138,19.5982346172822
05/05/2023,13.4932551787281,11.5966788628273,0.0793751442090622,20.9501074054046
06/05/2023,13.291952906209,10.9164135741354,0.0603743211948031,20.5942181264947
07/05/2023,8.20069826960584,10.3081178030745,1.23154463032781,15.4030921525227
08/05/2023,11.3946742860564,6.68409262819105,7.88078394249357,16.2682255453789
09/05/2023,11.8521945563395,8.88117086949282,0.0400861515031429,18.4575337973446
10/05/2023,13.1657472705359,9.73914740769676,0.00693344996978181,19.4722116709417
11/05/2023,12.6098187774723,12.2209357797087,0.00806154718030882,20.5883909773274
12/05/2023,12.7987040501002,12.9802711492202,0.0626593975087876,22.2675861364314
13/05/2023,10.2656121716567,13.8483824984552,0.163642477906389,20.6840405877791
14/05/2023,10.9379943330747,14.3452287580705,7.02630954872228,19.9697434253899
15/05/2023,9.77186761515597,14.3164943909618,1.90551992709395,20.4756557852864
16/05/2023,12.1160331139704,13.3196790247355,1.3393881449367,20.7676796741781
17/05/2023,10.149619746515,10.8204658796263,7.7052147112325,16.8064423467032
18/05/2023,10.4356146485259,10.0296527040019,5.41598634996352,16.7936073689222
19/05/2023,12.2049784607284,8.76922186827091,0.65707684798727,17.899746294429
20/05/2023,11.582768938897,8.90262537329215,0.00479805169625402,17.772827500859
21/05/2023,11.1425305408797,8.7948436761142,0.0683069576656035,18.2128229688998
22/05/2023,12.0400149052381,9.00052053517086,0.0461948790529449,19.0416335060972
23/05/2023,11.8471491729618,8.53352300668746,0.0267400475864435,19.4184608240217
24/05/2023,11.8009665550166,9.57301286140632,0.025694388221069,20.427796992174
25/05/2023,8.76777218061333,8.62689662562732,0.0262993384075957,19.7071554769683
26/05/2023,7.48863697328408,9.7392687703889,0.612721258712644,16.4855587585352
27/05/2023,11.2472575021888,8.620365985726,3.38284998613319,16.8763428111552
28/05/2023,10.2364371585608,8.1374505080078,0.176107408841313,16.3049749343566
29/05/2023,11.2668246369232,10.2780823279604,0.218571449744778,19.6791182594579
30/05/2023,11.0958396747484,10.0898136015325,0.0500446842952328,20.078680144706
31/05/2023,9.68452377357058,11.5556871485183,0.0152377041642205,20.2746532176214
01/06/2023,7.08309213761952,13.0139280045421,0.0616914176373304,20.8999322221888
02/06/2023,9.98020740803803,14.2244839096673,0.0352362626565424,20.5557710652059
03/06/2023,10.1274122003843,15.3645569285226,0.131008966653536,22.7863440294311
04/06/2023,6.6150009794818,14.1024975205928,0.792829387303907,17.8625641371274
05/06/2023,7.48565607683222,13.152303874174,0.630455714368686,17.7206496173501
06/06/2023,8.37202467583685,14.467418464311,2.13003894450668,18.9240346211939
07/06/2023,10.3636762351037,14.2635828674365,0.696445163002918,20.2574231886856
08/06/2023,5.66570854272749,13.5153191810773,1.30555508322988,16.908319092954
09/06/2023,10.2782371867021,10.3947046317563,1.47430521079658,18.7032506782796
10/06/2023,11.0058886678776,9.63840457761144,0.0278001469397313,17.7220411703193
11/06/2023,10.9594648649258,9.24298721821245,0.00335892898530976,18.00100149251
12/06/2023,9.6522504274165,10.4003286135539,0.0232356850176918,18.8080936073972
13/06/2023,9.23809111420405,12.4820047608204,0.645780842976526,19.2477563078088
14/06/2023,10.6580917830318,8.88641112357955,0.918676721412464,17.0849112824965
15/06/2023,10.6681750570953,8.51131179975464,0.0186435778311628,17.3228733092193
16/06/2023,10.8505711758786,9.33220396262072,0.0793701783093717,18.6251270519103
17/06/2023,10.9290835089069,9.56167634353972,0.00940364982007154,18.7662528407548
18/06/2023,10.2910541681193,9.06694838838188,0.143025283808819,18.2215698861568
19/06/2023,10.2988331862126,7.48182311255289,0.0692397531609971,16.1448548003863
20/06/2023,10.7881307960795,6.46703274977111,0.568592750187816,14.421043837679
21/06/2023,10.8136555627302,7.0970414782606,0.0607461301290108,15.89645233664
22/06/2023,6.91043312734017,8.83374466141667,0.206007196889406,14.7977419443499
23/06/2023,10.2616120993316,11.9265913484476,7.41453203153039,17.4201658485833
24/06/2023,10.8041986132966,8.94805298541706,0.306369136104595,18.6719036350279
25/06/2023,10.9605550997024,7.95733412545787,0.0652609251479517,19.0891067916164
26/06/2023,10.7970912858188,7.3128949788247,0.0696027272658724,17.7980760780545
27/06/2023,10.009614269555,8.7640407159868,0.0653793426861768,16.9652192423771
28/06/2023,4.51647831505841,10.5503270442335,1.05997725061373,11.6089779450029
29/06/2023,10.7221716966942,8.68518323576521,2.93539147441464,14.6593921522514
30/06/2023,10.7429111808237,7.73848145488841,0.0403770749386797,17.0663465635798
01/07/2023,10.6395558670947,8.79658566424839,0.0829782953148415,17.2401499630364
02/07/2023,10.8411378992136,8.68135312851037,0.0444288838122625,17.0611461962761
03/07/2023,8.58650039320878,10.3880638980872,0.210326661692097,17.0228569103674
04/07/2023,5.68960944136631,13.8239175333672,3.30271236260146,14.9572398455174
05/07/2023,10.0302816951284,13.9213270977318,3.64886945703992,19.653848593291
06/07/2023,10.1263720060348,9.98385949761194,0.239980295966158,16.7201520909622
07/07/2023,10.9075738225924,9.55558529416126,0.390981503774785,17.0987439788363
08/07/2023,10.9488466809092,7.9498164034053,0.154639586118856,18.2213744295331
09/07/2023,11.0410003304589,8.39808733196417,0.434618477620893,17.4468837640341
10/07/2023,11.0646894318551,9.57221337498952,0.0855709680156922,18.4041999582546
11/07/2023,11.4511053735022,8.71539747752455,0.169393058601482,18.9214170437429
12/07/2023,11.4970411115007,9.79236291936874,0.00548481161628381,19.1781574611112
13/07/2023,11.5639064692389,9.83721161511312,0.030331950772562,20.1354244569055
14/07/2023,11.5410865110995,9.21283329661868,0.0167156984730872,21.52013304644
15/07/2023,10.8527349627043,10.7774789526775,0.00752389400168042,22.3334780967348
16/07/2023,7.16358223304957,12.5638640553673,0.0569293928350766,17.29789480695
17/07/2023,9.85672012793819,13.1826893033468,4.34345229455222,18.5808029668222
18/07/2023,10.6427132099261,12.4818226061839,0.194003453535401,20.0825260740782
19/07/2023,12.0566786738332,7.39938458196458,0.133928195832613,15.7078733328749
20/07/2023,11.7657211841373,7.76503413571596,0.0124714333720129,17.6441385274318
21/07/2023,9.72542670593802,9.14253317399849,0.148651375278041,17.8246216304774
22/07/2023,11.9207249713783,7.4908652113505,0.297104195465043,16.1513175252182
23/07/2023,11.6424889316056,9.0624846638775,0.159598664445775,16.892093479408
24/07/2023,10.3424888661894,11.3112047087175,9.04228862140084,16.8732497849418
25/07/2023,12.09316920762,10.2263069511074,0.521954906941877,18.3488600647908
26/07/2023,12.5581252879416,10.7129878297342,0.0594532378002817,19.9987729277033
27/07/2023,12.660949873959,9.98742506109095,0.0220758207890746,19.9265710944599
28/07/2023,10.6281308004359,10.9195522520802,0.199168482524154,22.2831937131295
29/07/2023,10.7790804407401,12.1862097546087,0.224521427114207,22.108192074444
30/07/2023,12.7379331159372,12.7317603189581,0.0556959467501995,23.7151201237771
31/07/2023,13.0116928671867,10.4698585771704,0.0194548797127279,21.7780541445149
01/08/2023,13.1506927562591,9.16120272011633,0.00161279191338972,20.6072395508896
02/08/2023,10.0174613809057,12.391494791096,0.259879704476605,18.5132542320266
03/08/2023,13.3583445402395,12.6012623582394,0.24744492628766,21.1303023891448
04/08/2023,13.3203839962409,11.7355046211544,0.0271969060159723,22.4606237182802
05/08/2023,7.46920354706855,10.9743423952127,0.46423636689074,17.7293540734382
06/08/2023,9.27590094416613,11.951899628843,10.1051430669126,16.4474951830626
07/08/2023,10.0511351412151,11.4240471082622,1.57003497421803,16.2362024032643
08/08/2023,12.5745942506775,12.1096399246393,3.40276546320484,18.3278124042572
09/08/2023,14.003074375048,12.1639596334385,0.138833138838194,20.0251897709364
10/08/2023,12.9373088167413,10.0610757445748,0.105506511146248,21.8338294118495
11/08/2023,14.2454125895227,8.45724096014384,0.131768189910804,18.6161738615832
12/08/2023,13.2546344907585,9.16493113975321,0.0214713531652143,20.3198406205609
13/08/2023,9.85684142703312,11.0547497992798,0.358765487550889,17.4966704965581
14/08/2023,8.38749178705605,13.3065066944347,11.5717582150566,15.5276482331951
15/08/2023,12.7714568538651,10.856106403652,3.94631103903157,16.3291991553695
16/08/2023,12.8377612214045,11.2832193145507,2.98835292986228,17.1822506499206
17/08/2023,14.42584128469,10.437597866704,0.248342395870019,19.9287882819115
18/08/2023,13.7684866318272,12.3228114182537,5.87987693182276,17.3524074973802
19/08/2023,14.4316186458273,7.19334562558596,0.217545790685478,17.8629389011979
20/08/2023,15.2235824296162,10.6101390945772,0.0450318850258823,21.0787981565516
21/08/2023,15.396345516354,10.5592639627134,0.00932585792340411,20.8297559449343
22/08/2023,13.651131196639,11.2965467674496,0.160119561973241,23.4721657471076
23/08/2023,13.4447939114559,9.93678322308235,2.56413447733764,18.016544500361
24/08/2023,13.8918971482653,12.5516841881717,0.728570409784351,18.877382312846
25/08/2023,16.3137945592317,10.8484569269978,0.00612271989309896,20.7027150670272
26/08/2023,15.2215570266315,12.1212936369428,0.0155086119480354,20.0773137264849
27/08/2023,15.873620918862,13.1054195975409,0.0412995449373155,20.5735145328655
28/08/2023,15.2765105242672,13.1649947817878,0.189853844840692,20.6548531368023
29/08/2023,16.3850065006667,13.0394391830571,1.51212344134057,22.1201476353896
30/08/2023,14.3115771221498,12.2708863874585,0.136644607693994,24.6077557572915
31/08/2023,15.0097217674047,12.9034428777752,7.2926338811353,19.1679251193007
01/09/2023,15.6475490571072,10.5087612456386,0.290806432444992,17.7788633350951
02/09/2023,16.9013425564288,9.0065029138507,0.416136635687813,17.9156928588594
03/09/2023,16.692303909177,11.1194401571513,0.00250271152885185,19.4332326499411
04/09/2023,17.1264749691274,12.3698567233478,0.0503140616192259,21.3329761681086
05/09/2023,17.971490072582,10.3072145475311,0.159554763305302,23.1462432196658
06/09/2023,18.2896969342263,8.85340698201783,0.0081839551404035,21.3025731792736
07/09/2023,17.6823189231245,11.1520491204884,0.0559264349835758,25.7779892177423
08/09/2023,10.330869694184,12.5586582300425,4.51974959826574,18.122516401082
09/09/2023,18.5761555451185,6.81010912129865,2.17914567638695,17.4139133372043
10/09/2023,18.4354064933698,7.71756488729727,0.0347149392171134,18.186241748073
11/09/2023,18.5773184697308,9.51045943669972,0.00894080492551902,19.1088594359213
12/09/2023,16.7843061776672,11.2124769611599,0.00840807163413137,20.2141508800584
13/09/2023,19.3263635320736,11.6954026430945,0.0358204369785987,22.6074162153002
14/09/2023,19.5328823312591,11.7003480746977,0.0558321691608672,24.8341180503679
15/09/2023,19.1284869976989,11.375905840896,0.0363755109945478,27.2535649903641
16/09/2023,19.9758081227147,11.131049313116,0.00459862684455928,30.9082629159653
17/09/2023,20.176720755733,10.0131538235527,0.0003844038266781,30.843408355039
18/09/2023,20.2449119209007,10.5772759874275,0.0360127514577418,32.0058349765751
19/09/2023,20.4211907949775,10.8652114687829,0.00820104273329562,32.7677473351416
20/09/2023,20.4771411402215,9.06019481073765,0.00218517265377507,31.8709655214371
21/09/2023,19.6597573243407,9.08905328659593,0.0417549918038672,22.0046160553283
22/09/2023,17.7255221342881,10.5337421284964,4.18061169112216,18.3907506021171
23/09/2023,17.5916457319405,11.1557731087157,0.372266863296331,19.7034762627776
24/09/2023,18.0955775650807,11.138730698045,0.021918486109256,20.833538195581
25/09/2023,21.2335523492755,11.8862490594464,0.0148226067499199,24.9261027676619
26/09/2023,16.1580440495541,14.3508682092983,0.0254399403997256,22.3111075232018
27/09/2023,17.9299856375677,16.3827938766563,1.65574824056226,23.4755934235742
28/09/2023,16.1813384570296,15.8417614590123,11.0984999725236,22.1933923148951
29/09/2023,22.2184594995779,15.281279938408,0.136814894881887,27.5265047840315
30/09/2023,22.2408948559931,15.3773549937843,0.0728195192935162,27.8954771067279
01/10/2023,21.625266695296,13.2933337748425,0.00209919685730723,33.9915800023383
02/10/2023,21.6600543398922,13.5768066911325,0.0195145606943682,24.5396410319587
03/10/2023,20.973689875139,16.5734863066142,0.0525966220964889,32.4738001986708
04/10/2023,10.5023468236309,13.1597605228293,1.5476608557667,25.0850743781144
05/10/2023,22.4592970124821,8.24788425245697,12.3156813862538,20.428917959718
06/10/2023,17.8239466580418,9.3844685197798,0.167464444406269,20.5051066110003
07/10/2023,21.901706378311,9.78103636581019,1.4200897124951,18.7542302455987
08/10/2023,21.8659427130668,11.9218841592338,0.052952883360385,20.9555450584556
09/10/2023,24.0575997801959,12.0693137923594,0.0170148963059604,24.6933309953278
10/10/2023,20.7099319228672,14.6330995781144,0.0213175699525273,22.4568975553396
11/10/2023,23.2600958542483,15.5883663450725,0.0557048509615078,25.0090935685425
12/10/2023,23.3551093426145,14.916791249726,0.0905917153587008,30.5511613117491
13/10/2023,24.1939661914657,8.56376342915091,1.92375287578635,22.5109974595557
14/10/2023,23.5867334248278,10.5843866573496,0.014048320095129,26.6514115643091
15/10/2023,24.02870989439,10.2965233135741,0.00605268042821531,24.2438626051638
16/10/2023,19.1317049447488,11.6025498425681,0.105775910563143,24.5802355952495
17/10/2023,18.373284440169,10.0455398391839,1.63362857783341,18.3630333991612
18/10/2023,22.2788848085011,13.5875310252418,3.39976585528898,21.1688134776967
19/10/2023,20.1614364487477,13.4782644471018,0.193241813312613,23.0026030814293
20/10/2023,25.9778888609506,14.2178550984565,0.00976637000887951,26.3436594069701
21/10/2023,24.7105006078646,17.5617002521894,0.00389236007958381,27.1752307402735
22/10/2023,25.8477119147973,14.6606056123476,0.0350624663704876,27.5739851436441
23/10/2023,26.4566436274268,9.55090236499613,0.0105156225127116,26.7410391147387
24/10/2023,26.4157740672973,13.6967638843651,0.00226746844159693,29.2355722245987
25/10/2023,25.0057071017617,13.3544219260272,0.0282459204409303,23.5712589380758
26/10/2023,12.5373114891622,10.2690808588136,2.30784303731308,16.71224415824
27/10/2023,19.3362977081558,11.733220017488,9.58455294713455,18.2692196090359
28/10/2023,20.6018407294809,11.3939757508017,4.46199019445976,20.6499504041585
29/10/2023,26.9987196617202,11.7995582074362,0.061248234979347,25.9917212309535
30/10/2023,23.1663346004966,12.3308575620195,0.0414237046331477,31.4821674241016
31/10/2023,26.6967628741486,9.03860660400854,0.0159630993836546,27.3111689371529
01/11/2023,23.368517539528,12.6040541114429,0.170229652157073,21.7490499200885
02/11/2023,24.1587358819676,12.3914056051772,0.0504229879740495,23.0076390019955
03/11/2023,19.7692361100079,15.2991994298137,0.392406334946404,23.5958010953504
04/11/2023,12.9263340752993,15.9941528389235,2.64812720283222,21.1119280914051
05/11/2023,11.6133894208973,16.1004462844732,28.3356003091864,19.550518777494
06/11/2023,19.8406839929322,13.5926585584729,5.60916338157275,22.215809267245
07/11/2023,26.6864002024086,14.6212034833679,0.134551392962742,25.040016960603
08/11/2023,24.4182376955346,16.5693950101355,0.1474216424183,26.7356914906497
09/11/2023,17.9868597613435,18.2067927048998,1.20774508351447,26.4730162639865
10/11/2023,27.7833290234573,18.1507586967534,10.0293975279078,26.0805251912481
11/11/2023,28.3777506747836,19.0235965761116,0.182648630897531,29.6676067761867
12/11/2023,25.8382467007467,17.1504825340326,0.0806446853627496,27.1068265513898
13/11/2023,22.3377649438098,15.1140340136178,0.298776447015839,23.3207821024288
14/11/2023,24.2363455263866,15.7593671537277,0.0440864542771919,26.2057881817204
15/11/2023,22.2397734277995,19.2279196497407,0.206279271402595,25.5827345305135
16/11/2023,23.8242849835615,17.8250735295895,0.383356076215852,26.7291791512193
17/11/2023,24.319567853201,12.8452012408758,8.77938096364091,22.3428780807418
18/11/2023,28.1953899649593,14.1293189337901,0.348925471271739,24.9688833120109
19/11/2023,29.5011445893673,14.8665403167859,0.0132037965754128,27.7429175230114
20/11/2023,12.4073248604707,18.8633448603107,0.3477202947609,25.9988458648059
21/11/2023,20.0473743737018,18.7729953665253,3.24016616953056,25.2758868935069
22/11/2023,24.1320290587591,18.2372089462385,1.11291226929126,25.4594832360889
23/11/2023,17.2136227030458,19.459107939924,1.09092590599715,24.0909990334102
24/11/2023,11.2627916248013,20.6684189518896,6.34411362309052,23.1736004207192
25/11/2023,10.9587109110328,20.4303882143569,7.3335145841324,23.7101224923107
26/11/2023,25.8350026709012,19.5749917493514,2.73274805616189,29.7009535877137
27/11/2023,25.3907150333636,19.7583599226811,1.60668159968176,26.2437123489569
28/11/2023,7.19028022015398,19.8840135753128,1.9844577317704,21.9615979367278
29/11/2023,15.4929825080937,21.7401183139535,21.1584636375091,25.5634547047098
30/11/2023,21.3940628270357,18.7652722277989,16.8566519075989,27.1481117558395
01/12/2023,26.2723392178076,17.580549226405,1.50400237350289,26.4799820721413
02/12/2023,16.4604014905912,19.3282629680569,1.6652443559277,25.3468816569369
03/12/2023,28.8853282795964,17.7794439495897,9.49252195236173,25.9192792268179
04/12/2023,25.4715522546675,17.0787062344913,1.05210056430584,25.4062423976133
05/12/2023,30.8835213174745,17.7727415358766,0.0296202290596253,31.9066174643468
06/12/2023,30.4276264210122,17.3838503291163,0.104921769067959,27.074379796537
07/12/2023,25.8529228688306,19.1956461587521,0.0324183727596609,29.6166779253841
08/12/2023,27.1621194604344,21.3926201268702,0.101669618576377,33.9455964474574
09/12/2023,25.7316041246731,22.4688808157518,0.585372054978752,38.4858337636502
10/12/2023,19.7730328228932,21.8995437489662,0.809638093631303,27.6432633579016
11/12/2023,28.8136026883482,21.9844141211746,0.441070623108458,29.7042487446139
12/12/2023,28.1134631135219,22.0116701398249,0.208940933671968,28.8923868856312
13/12/2023,28.2739813142516,21.6619512758133,0.0710465160013885,30.6964426854793
14/12/2023,27.7450233729705,22.7587493971188,2.61957809387659,36.5020639701047
15/12/2023,29.0530278990479,18.7496762709339,0.184622518120358,27.5522329958224
16/12/2023,30.8327326473164,18.2650181598036,0.164054765448161,32.940967472948
17/12/2023,25.1724188104992,18.4558357027056,0.029493530517819,26.7757577029462
18/12/2023,22.8415715378313,21.4789518096516,0.00669057981656374,29.5567278901152
19/12/2023,15.7206729912646,24.8083005855096,0.21820355860731,32.2310210977715
20/12/2023,6.23131477205388,18.7496903935373,17.4818710347208,19.6030070335765
21/12/2023,15.6080755771305,17.6361881613245,15.5848407287162,22.600323868146
22/12/2023,29.4577511852967,13.9849646593222,1.26443032050331,24.3306189118169
23/12/2023,26.5368369579906,16.7577426700818,1.14450345243025,25.3690077592694
24/12/2023,14.4070104953895,19.8028957909415,3.19317410572699,24.0098585217026
25/12/2023,20.8485173395674,20.7406372226689,24.5633496433349,26.3262090902842
26/12/2023,19.5489046199492,22.6331623323956,6.41415674620166,27.7680206528672
27/12/2023,20.1816416355809,19.7568374679793,2.68399335795784,25.819541682431
28/12/2023,29.4429902820721,18.4023608045732,7.12025706449656,29.3789894321663
29/12/2023,15.2783966833855,21.2651545832051,0.209531993627627,25.6868136482959
30/12/2023,29.5320027864091,16.2737031565457,1.22348955423677,26.571527012731
31/12/2023,9.68201528327355,16.623016269538,3.31855804877964,21.5383859013098
